block_id,run_id,method,valid,run_order,trace_hash,config_hash,model_hashes,policy_hash,start_utc,end_utc,duration_s,energy_j,mean_power_w,preceding_idle_power_w,tn,fp,fn,tp,f1,recall,fpr,balanced_accuracy,escalation_fraction,scheduler_latency_mean_ms,scheduler_latency_p50_ms,scheduler_latency_p95_ms,detector_latency_mean_ms,detector_latency_p95_ms,end_to_end_completion_mean_s,end_to_end_completion_p95_s,final_queue_backlog_rows,max_temperature_c,mean_temperature_c,throttle,undervoltage,missing_samples,missing_windows,failure_reason,replacement_for,unique_state_count,load_bin_occupancy,threat_bin_occupancy,model_occupancy,switch_count,tinydt_fallback_count,deadline_miss_count,deadline_miss_rate
1,r2v2-b01-p1-DQN,DQN,true,1,5a293d132b9f5adfb2614f64eede19e66767e7f01c8e6b2deff5197dd71f1c84,7f250acda2a8460eed6b95b0de1bba910ad8588e14f0fa6bcb0588fcad8702d6,"{""HeavyMLP"": ""2999008343be15af0374bc647af6764e010bebc841b953b0307a10ebbc26b8a0"", ""LightLR"": ""a6cafb1426058f0268dd9da065fa3848b95c0a5531b3ec5c1b65987e5ca5268f"", ""MedRF"": ""35bc9b8674c5ae3b7c163ab29d7fd3d3abfe61dfaa1d26323530f9d14a2b2688"", ""TinyDT"": ""9941090e54203557d63b2f6117622bcba3535019796f7dfefb955293d085c2f2""}",123c380bb3d78c9ac8d34614eb1f0fcc30caaee79b420a78652f39c90a88a471,1788902344.159019,1788902844.163615,500.00273910399994,1425.7277291179537,2.8514398374553784,2.6798266602977985,311476,4274,10361,301389,0.9762962555048241,0.9667650360866079,0.013536025336500395,0.9766145053750537,,3.602403948,4.050777999999999,4.13185175,0.6328870160629921,1.3679868,0.02314060816905112,0.07273726225485007,0,34.563,31.820215999999995,false,false,0,0,,,16,"{""0"": 150, ""1"": 200, ""2"": 150}","{""0"": 199, ""1"": 151, ""2"": 150}","{""LightLR"": 500}",1,0,0,0.0
1,r2v2-b01-p2-ConfidenceCascade_0p3_0p7,ConfidenceCascade_0p3_0p7,true,2,5a293d132b9f5adfb2614f64eede19e66767e7f01c8e6b2deff5197dd71f1c84,7f250acda2a8460eed6b95b0de1bba910ad8588e14f0fa6bcb0588fcad8702d6,"{""HeavyMLP"": ""2999008343be15af0374bc647af6764e010bebc841b953b0307a10ebbc26b8a0"", ""LightLR"": ""a6cafb1426058f0268dd9da065fa3848b95c0a5531b3ec5c1b65987e5ca5268f"", ""MedRF"": ""35bc9b8674c5ae3b7c163ab29d7fd3d3abfe61dfaa1d26323530f9d14a2b2688"", ""TinyDT"": ""9941090e54203557d63b2f6117622bcba3535019796f7dfefb955293d085c2f2""}",,1788902931.627981,1788903431.627255,499.99760716699984,1461.0486680300469,2.9221113203088884,2.675993084487783,311422,4328,1816,309934,0.9901854916519173,0.9941748195669607,0.013707046714172605,0.9902338864263941,,0.025676947999999998,0.028629,0.030334849999999997,12.478855458740158,28.850612749999943,0.17013235279887157,0.6239436176587321,0,36.511,32.627662,false,false,0,0,,,16,"{""0"": 150, ""1"": 200, ""2"": 150}","{""0"": 199, ""1"": 151, ""2"": 150}","{""ConfidenceCascade_0p3_0p7"": 500}",1,0,0,0.0
1,r2v2-b01-p3-Static-MedRF,Static-MedRF,true,3,5a293d132b9f5adfb2614f64eede19e66767e7f01c8e6b2deff5197dd71f1c84,7f250acda2a8460eed6b95b0de1bba910ad8588e14f0fa6bcb0588fcad8702d6,"{""HeavyMLP"": ""2999008343be15af0374bc647af6764e010bebc841b953b0307a10ebbc26b8a0"", ""LightLR"": ""a6cafb1426058f0268dd9da065fa3848b95c0a5531b3ec5c1b65987e5ca5268f"", ""MedRF"": ""35bc9b8674c5ae3b7c163ab29d7fd3d3abfe61dfaa1d26323530f9d14a2b2688"", ""TinyDT"": ""9941090e54203557d63b2f6117622bcba3535019796f7dfefb955293d085c2f2""}",,1788903518.6260538,1788904018.630956,500.00338268749965,1467.3550112499659,2.934690168220437,2.6796991537558785,310973,4777,1061,310689,0.9906922017295476,0.9965966319165999,0.015129057798891529,0.9907337870588542,,0.025854236,0.028611,0.030094749999999997,19.3256912311811,29.51468215,0.26220031857216963,1.0121379621443338,0,36.511,32.928627999999996,false,false,0,0,,,16,"{""0"": 150, ""1"": 200, ""2"": 150}","{""0"": 198, ""1"": 152, ""2"": 150}","{""MedRF"": 500}",1,0,59,0.118
1,r2v2-b01-p4-Tabular-Q,Tabular-Q,true,4,5a293d132b9f5adfb2614f64eede19e66767e7f01c8e6b2deff5197dd71f1c84,7f250acda2a8460eed6b95b0de1bba910ad8588e14f0fa6bcb0588fcad8702d6,"{""HeavyMLP"": ""2999008343be15af0374bc647af6764e010bebc841b953b0307a10ebbc26b8a0"", ""LightLR"": ""a6cafb1426058f0268dd9da065fa3848b95c0a5531b3ec5c1b65987e5ca5268f"", ""MedRF"": ""35bc9b8674c5ae3b7c163ab29d7fd3d3abfe61dfaa1d26323530f9d14a2b2688"", ""TinyDT"": ""9941090e54203557d63b2f6117622bcba3535019796f7dfefb955293d085c2f2""}",a89c52c9839fe4c97bbd81cdc97cd9d4bd58c9dab8a42dda728c225855501c17,1788904105.814409,1788904605.818675,500.00259122950047,1418.734915757098,2.8374551265193357,2.7017998699868713,101683,214067,748,311002,0.7432957425679867,0.9976006415396953,0.6779635787806809,0.6598185313795072,,0.12940774,0.12297949999999999,0.19138875,0.5081740181102362,1.1311303499999998,0.01762830373471661,0.06318228460331726,0,34.563,32.05495,false,false,0,0,,,11,"{""0"": 150, ""1"": 200, ""2"": 150}","{""1"": 233, ""2"": 267}","{""TinyDT"": 500}",0,500,0,0.0
1,r2v2-b01-p5-DeadlineGuard,DeadlineGuard,true,5,5a293d132b9f5adfb2614f64eede19e66767e7f01c8e6b2deff5197dd71f1c84,7f250acda2a8460eed6b95b0de1bba910ad8588e14f0fa6bcb0588fcad8702d6,"{""HeavyMLP"": ""2999008343be15af0374bc647af6764e010bebc841b953b0307a10ebbc26b8a0"", ""LightLR"": ""a6cafb1426058f0268dd9da065fa3848b95c0a5531b3ec5c1b65987e5ca5268f"", ""MedRF"": ""35bc9b8674c5ae3b7c163ab29d7fd3d3abfe61dfaa1d26323530f9d14a2b2688"", ""TinyDT"": ""9941090e54203557d63b2f6117622bcba3535019796f7dfefb955293d085c2f2""}",,1788904692.752682,1788905192.752769,499.9992586039998,1429.9071624081432,2.8598185653323775,2.702805454256633,311452,4298,9998,301752,0.9768598251861443,0.9679294306335204,0.013612034837688044,0.9771586978979162,,0.031966088000000004,0.035962,0.0381299,2.279064213543307,29.21482349999999,0.04002188688044407,0.06994808597410154,0,34.563,31.910798000000003,false,false,0,0,,,16,"{""0"": 150, ""1"": 200, ""2"": 150}","{""0"": 198, ""1"": 152, ""2"": 150}","{""LightLR"": 150, ""MedRF"": 350}",5,0,0,0.0
1,r2v2-b01-p6-Static-LightLR,Static-LightLR,true,6,5a293d132b9f5adfb2614f64eede19e66767e7f01c8e6b2deff5197dd71f1c84,7f250acda2a8460eed6b95b0de1bba910ad8588e14f0fa6bcb0588fcad8702d6,"{""HeavyMLP"": ""2999008343be15af0374bc647af6764e010bebc841b953b0307a10ebbc26b8a0"", ""LightLR"": ""a6cafb1426058f0268dd9da065fa3848b95c0a5531b3ec5c1b65987e5ca5268f"", ""MedRF"": ""35bc9b8674c5ae3b7c163ab29d7fd3d3abfe61dfaa1d26323530f9d14a2b2688"", ""TinyDT"": ""9941090e54203557d63b2f6117622bcba3535019796f7dfefb955293d085c2f2""}",,1788905279.6192331,1788905779.617576,499.9986766875004,1416.0899826055088,2.832187460949154,2.6766679029739873,311476,4274,10361,301389,0.9762962555048241,0.9667650360866079,0.013536025336500395,0.9766145053750537,,0.025659269999999998,0.028388,0.03066605,0.6201178300787401,1.3189280999999997,0.018798938642830762,0.0671015400057513,0,34.563,31.992614,false,false,0,0,,,16,"{""0"": 150, ""1"": 200, ""2"": 150}","{""0"": 199, ""1"": 151, ""2"": 150}","{""LightLR"": 500}",1,0,0,0.0
2,r2v2-b02-p1-DeadlineGuard,DeadlineGuard,true,1,597e393972ba313bc8fed47874a33dddf26805f3ede43ee4c414cebf8f329a57,7f250acda2a8460eed6b95b0de1bba910ad8588e14f0fa6bcb0588fcad8702d6,"{""HeavyMLP"": ""2999008343be15af0374bc647af6764e010bebc841b953b0307a10ebbc26b8a0"", ""LightLR"": ""a6cafb1426058f0268dd9da065fa3848b95c0a5531b3ec5c1b65987e5ca5268f"", ""MedRF"": ""35bc9b8674c5ae3b7c163ab29d7fd3d3abfe61dfaa1d26323530f9d14a2b2688"", ""TinyDT"": ""9941090e54203557d63b2f6117622bcba3535019796f7dfefb955293d085c2f2""}",,1788905866.460474,1788906366.450621,499.9900569999995,1423.4574372989555,2.846971489472953,2.678109825335993,311505,4245,9981,301769,0.9769717885794575,0.9679839615076182,0.013444180522565321,0.9772698904925264,,0.03164374599999999,0.035425,0.03761,2.309990955590551,29.252483699999978,0.040316504941365565,0.0691563190328452,0,34.563,32.45429,false,false,0,0,,,15,"{""0"": 150, ""1"": 200, ""2"": 150}","{""0"": 198, ""1"": 152, ""2"": 150}","{""LightLR"": 150, ""MedRF"": 350}",5,0,0,0.0
2,r2v2-b02-p2-DQN,DQN,true,2,597e393972ba313bc8fed47874a33dddf26805f3ede43ee4c414cebf8f329a57,7f250acda2a8460eed6b95b0de1bba910ad8588e14f0fa6bcb0588fcad8702d6,"{""HeavyMLP"": ""2999008343be15af0374bc647af6764e010bebc841b953b0307a10ebbc26b8a0"", ""LightLR"": ""a6cafb1426058f0268dd9da065fa3848b95c0a5531b3ec5c1b65987e5ca5268f"", ""MedRF"": ""35bc9b8674c5ae3b7c163ab29d7fd3d3abfe61dfaa1d26323530f9d14a2b2688"", ""TinyDT"": ""9941090e54203557d63b2f6117622bcba3535019796f7dfefb955293d085c2f2""}",123c380bb3d78c9ac8d34614eb1f0fcc30caaee79b420a78652f39c90a88a471,1788906453.388024,1788906953.374478,499.99295689550036,1423.3868910169374,2.8468138828492107,2.696099469443712,311522,4228,10335,301415,0.9764121070371709,0.9668484362469928,0.013390340459224069,0.9767290478938844,,3.484123576,4.0356974999999995,4.11098755,0.6378510048818897,1.37570295,0.02316680388734676,0.07273378297213635,0,35.05,32.446498,false,false,0,0,,,15,"{""0"": 150, ""1"": 200, ""2"": 150}","{""0"": 199, ""1"": 151, ""2"": 150}","{""LightLR"": 500}",1,0,0,0.0
2,r2v2-b02-p3-Static-MedRF,Static-MedRF,true,3,597e393972ba313bc8fed47874a33dddf26805f3ede43ee4c414cebf8f329a57,7f250acda2a8460eed6b95b0de1bba910ad8588e14f0fa6bcb0588fcad8702d6,"{""HeavyMLP"": ""2999008343be15af0374bc647af6764e010bebc841b953b0307a10ebbc26b8a0"", ""LightLR"": ""a6cafb1426058f0268dd9da065fa3848b95c0a5531b3ec5c1b65987e5ca5268f"", ""MedRF"": ""35bc9b8674c5ae3b7c163ab29d7fd3d3abfe61dfaa1d26323530f9d14a2b2688"", ""TinyDT"": ""9941090e54203557d63b2f6117622bcba3535019796f7dfefb955293d085c2f2""}",,1788907040.591858,1788907540.581444,499.9957395834999,1472.3269945696113,2.9446790802579046,2.675164079574338,311009,4741,1157,310593,0.9905945614941538,0.9962886928628709,0.015015043547110056,0.9906368246578805,,0.025845562000000002,0.028796,0.03014705,18.165323202362202,29.475979349999992,0.24606705349804542,1.0101104706835031,0,36.998,33.337708,false,false,0,0,,,14,"{""0"": 150, ""1"": 200, ""2"": 150}","{""0"": 197, ""1"": 152, ""2"": 151}","{""MedRF"": 500}",1,0,41,0.082
2,r2v2-b02-p4-Static-LightLR,Static-LightLR,true,4,597e393972ba313bc8fed47874a33dddf26805f3ede43ee4c414cebf8f329a57,7f250acda2a8460eed6b95b0de1bba910ad8588e14f0fa6bcb0588fcad8702d6,"{""HeavyMLP"": ""2999008343be15af0374bc647af6764e010bebc841b953b0307a10ebbc26b8a0"", ""LightLR"": ""a6cafb1426058f0268dd9da065fa3848b95c0a5531b3ec5c1b65987e5ca5268f"", ""MedRF"": ""35bc9b8674c5ae3b7c163ab29d7fd3d3abfe61dfaa1d26323530f9d14a2b2688"", ""TinyDT"": ""9941090e54203557d63b2f6117622bcba3535019796f7dfefb955293d085c2f2""}",,1788907627.523308,1788908127.595922,500.00653133299966,1418.7824396283306,2.8375278135785686,2.6964480096099295,311522,4228,10335,301415,0.9764121070371709,0.9668484362469928,0.013390340459224069,0.9767290478938844,,0.025801886,0.028453,0.0310929,0.6306696908661417,1.4024755499999995,0.018919081982719944,0.06910518515396685,0,35.05,32.466952,false,false,0,0,,,15,"{""0"": 150, ""1"": 200, ""2"": 150}","{""0"": 199, ""1"": 151, ""2"": 150}","{""LightLR"": 500}",1,0,0,0.0
2,r2v2-b02-p5-ConfidenceCascade_0p3_0p7,ConfidenceCascade_0p3_0p7,true,5,597e393972ba313bc8fed47874a33dddf26805f3ede43ee4c414cebf8f329a57,7f250acda2a8460eed6b95b0de1bba910ad8588e14f0fa6bcb0588fcad8702d6,"{""HeavyMLP"": ""2999008343be15af0374bc647af6764e010bebc841b953b0307a10ebbc26b8a0"", ""LightLR"": ""a6cafb1426058f0268dd9da065fa3848b95c0a5531b3ec5c1b65987e5ca5268f"", ""MedRF"": ""35bc9b8674c5ae3b7c163ab29d7fd3d3abfe61dfaa1d26323530f9d14a2b2688"", ""TinyDT"": ""9941090e54203557d63b2f6117622bcba3535019796f7dfefb955293d085c2f2""}",,1788908214.4759848,1788908714.485056,500.0044448540011,1457.6446801985553,2.915263444556339,2.6760413041621867,311469,4281,1899,309851,0.9901259342815418,0.9939085805934242,0.013558194774346794,0.9901751929095387,,0.026262686000000004,0.029157000000000002,0.030667,12.501167296535433,29.321786499999973,0.17043030394770903,0.6282117384507719,0,36.998,33.182841999999994,false,false,0,0,,,15,"{""0"": 150, ""1"": 200, ""2"": 150}","{""0"": 199, ""1"": 151, ""2"": 150}","{""ConfidenceCascade_0p3_0p7"": 500}",1,0,0,0.0
2,r2v2-b02-p6-Tabular-Q,Tabular-Q,true,6,597e393972ba313bc8fed47874a33dddf26805f3ede43ee4c414cebf8f329a57,7f250acda2a8460eed6b95b0de1bba910ad8588e14f0fa6bcb0588fcad8702d6,"{""HeavyMLP"": ""2999008343be15af0374bc647af6764e010bebc841b953b0307a10ebbc26b8a0"", ""LightLR"": ""a6cafb1426058f0268dd9da065fa3848b95c0a5531b3ec5c1b65987e5ca5268f"", ""MedRF"": ""35bc9b8674c5ae3b7c163ab29d7fd3d3abfe61dfaa1d26323530f9d14a2b2688"", ""TinyDT"": ""9941090e54203557d63b2f6117622bcba3535019796f7dfefb955293d085c2f2""}",a89c52c9839fe4c97bbd81cdc97cd9d4bd58c9dab8a42dda728c225855501c17,1788908801.590935,1788909301.591381,499.9956124165001,1418.2166102054605,2.8364581108045313,2.6768137275420556,101647,214103,760,310990,0.7432457462152399,0.9975621491579791,0.6780775930324624,0.6597422780627584,,0.10935205599999999,0.1236,0.12735095,0.4956676185826771,1.1195678,0.017257190531745438,0.06125261173292513,0,34.563,32.507859999999994,false,false,0,0,,,11,"{""0"": 150, ""1"": 200, ""2"": 150}","{""1"": 236, ""2"": 264}","{""TinyDT"": 500}",0,500,0,0.0
3,r2v2-b03-p1-ConfidenceCascade_0p3_0p7,ConfidenceCascade_0p3_0p7,true,1,14c145a5b5ae124020d5ec79203468f153585200203521a2a55297575690deb0,7f250acda2a8460eed6b95b0de1bba910ad8588e14f0fa6bcb0588fcad8702d6,"{""HeavyMLP"": ""2999008343be15af0374bc647af6764e010bebc841b953b0307a10ebbc26b8a0"", ""LightLR"": ""a6cafb1426058f0268dd9da065fa3848b95c0a5531b3ec5c1b65987e5ca5268f"", ""MedRF"": ""35bc9b8674c5ae3b7c163ab29d7fd3d3abfe61dfaa1d26323530f9d14a2b2688"", ""TinyDT"": ""9941090e54203557d63b2f6117622bcba3535019796f7dfefb955293d085c2f2""}",,1788909388.783905,1788909888.749703,500.002397354001,1463.7534684380496,2.9274929004024637,2.6761573663000724,311465,4285,1879,309871,0.9901518758407812,0.9939727345629511,0.013570863024544735,0.9902009357692032,,0.03174073,0.0296755,0.08743744999999997,12.618693713543307,29.405764499999965,0.1720423192209273,0.6348601613328352,0,36.511,33.231542000000005,false,false,0,0,,,16,"{""0"": 150, ""1"": 200, ""2"": 150}","{""0"": 199, ""1"": 151, ""2"": 150}","{""ConfidenceCascade_0p3_0p7"": 500}",1,0,0,0.0
3,r2v2-b03-p2-Tabular-Q-retry1,Tabular-Q,true,2,14c145a5b5ae124020d5ec79203468f153585200203521a2a55297575690deb0,7f250acda2a8460eed6b95b0de1bba910ad8588e14f0fa6bcb0588fcad8702d6,"{""HeavyMLP"": ""2999008343be15af0374bc647af6764e010bebc841b953b0307a10ebbc26b8a0"", ""LightLR"": ""a6cafb1426058f0268dd9da065fa3848b95c0a5531b3ec5c1b65987e5ca5268f"", ""MedRF"": ""35bc9b8674c5ae3b7c163ab29d7fd3d3abfe61dfaa1d26323530f9d14a2b2688"", ""TinyDT"": ""9941090e54203557d63b2f6117622bcba3535019796f7dfefb955293d085c2f2""}",a89c52c9839fe4c97bbd81cdc97cd9d4bd58c9dab8a42dda728c225855501c17,1788922886.829723,1788923386.828928,500.00073470800004,1423.976834246591,2.847949483670643,2.7291133177377813,101534,214216,788,310962,0.7431033493920625,0.9974723336006416,0.6784354711005542,0.6595184312500437,,0.10918546000000001,0.12384,0.1269059,0.510914979527559,1.1352379,0.017579713862302015,0.062480071253594324,0,35.05,32.998756,false,false,0,0,,r2v2-b03-p2-Tabular-Q,11,"{""0"": 150, ""1"": 200, ""2"": 150}","{""1"": 241, ""2"": 259}","{""TinyDT"": 500}",0,500,0,0.0
3,r2v2-b03-p3-Static-LightLR,Static-LightLR,true,3,14c145a5b5ae124020d5ec79203468f153585200203521a2a55297575690deb0,7f250acda2a8460eed6b95b0de1bba910ad8588e14f0fa6bcb0588fcad8702d6,"{""HeavyMLP"": ""2999008343be15af0374bc647af6764e010bebc841b953b0307a10ebbc26b8a0"", ""LightLR"": ""a6cafb1426058f0268dd9da065fa3848b95c0a5531b3ec5c1b65987e5ca5268f"", ""MedRF"": ""35bc9b8674c5ae3b7c163ab29d7fd3d3abfe61dfaa1d26323530f9d14a2b2688"", ""TinyDT"": ""9941090e54203557d63b2f6117622bcba3535019796f7dfefb955293d085c2f2""}",,1788923473.674104,1788923973.757011,500.004739146,1423.067704619029,2.8461084329912665,2.7010441860189864,311505,4245,10393,301357,0.9762890538946986,0.9666623897353649,0.013444180522565321,0.9766091046063998,,0.02509282,0.028046,0.029463899999999998,0.6195130237795275,1.31944215,0.01892356351208582,0.07168895201757546,0,36.511,33.656206,false,false,0,0,,,16,"{""0"": 150, ""1"": 200, ""2"": 150}","{""0"": 199, ""1"": 151, ""2"": 150}","{""LightLR"": 500}",1,0,0,0.0
3,r2v2-b03-p4-Static-MedRF,Static-MedRF,true,4,14c145a5b5ae124020d5ec79203468f153585200203521a2a55297575690deb0,7f250acda2a8460eed6b95b0de1bba910ad8588e14f0fa6bcb0588fcad8702d6,"{""HeavyMLP"": ""2999008343be15af0374bc647af6764e010bebc841b953b0307a10ebbc26b8a0"", ""LightLR"": ""a6cafb1426058f0268dd9da065fa3848b95c0a5531b3ec5c1b65987e5ca5268f"", ""MedRF"": ""35bc9b8674c5ae3b7c163ab29d7fd3d3abfe61dfaa1d26323530f9d14a2b2688"", ""TinyDT"": ""9941090e54203557d63b2f6117622bcba3535019796f7dfefb955293d085c2f2""}",,1788924060.6331909,1788924560.640834,499.99735762499995,1473.946634539369,2.9479088480400226,2.704297837894145,310991,4759,1145,310605,0.9905854437949081,0.996327185244587,0.015072050673000792,0.9906275672857932,,0.025784010000000003,0.028648,0.030335749999999995,18.575935831023624,29.439888599999986,0.25198755948472534,1.014523816160363,0,38.459,34.826954,false,false,0,0,,,16,"{""0"": 150, ""1"": 200, ""2"": 150}","{""0"": 199, ""1"": 151, ""2"": 150}","{""MedRF"": 500}",1,0,50,0.1
3,r2v2-b03-p5-DQN,DQN,true,5,14c145a5b5ae124020d5ec79203468f153585200203521a2a55297575690deb0,7f250acda2a8460eed6b95b0de1bba910ad8588e14f0fa6bcb0588fcad8702d6,"{""HeavyMLP"": ""2999008343be15af0374bc647af6764e010bebc841b953b0307a10ebbc26b8a0"", ""LightLR"": ""a6cafb1426058f0268dd9da065fa3848b95c0a5531b3ec5c1b65987e5ca5268f"", ""MedRF"": ""35bc9b8674c5ae3b7c163ab29d7fd3d3abfe61dfaa1d26323530f9d14a2b2688"", ""TinyDT"": ""9941090e54203557d63b2f6117622bcba3535019796f7dfefb955293d085c2f2""}",123c380bb3d78c9ac8d34614eb1f0fcc30caaee79b420a78652f39c90a88a471,1788924647.457998,1788925147.470415,500.00175975,1427.8447184040317,2.8556793862444634,2.685496022319852,311505,4245,10393,301357,0.9762890538946986,0.9666623897353649,0.013444180522565321,0.9766091046063998,,3.4802178460000004,4.0043875,4.091355200000001,0.6223885083464566,1.44126145,0.022694634649626094,0.07407719468865248,0,36.511,34.38086199999999,false,false,0,0,,,16,"{""0"": 150, ""1"": 200, ""2"": 150}","{""0"": 199, ""1"": 151, ""2"": 150}","{""LightLR"": 500}",1,0,0,0.0
3,r2v2-b03-p6-DeadlineGuard,DeadlineGuard,true,6,14c145a5b5ae124020d5ec79203468f153585200203521a2a55297575690deb0,7f250acda2a8460eed6b95b0de1bba910ad8588e14f0fa6bcb0588fcad8702d6,"{""HeavyMLP"": ""2999008343be15af0374bc647af6764e010bebc841b953b0307a10ebbc26b8a0"", ""LightLR"": ""a6cafb1426058f0268dd9da065fa3848b95c0a5531b3ec5c1b65987e5ca5268f"", ""MedRF"": ""35bc9b8674c5ae3b7c163ab29d7fd3d3abfe61dfaa1d26323530f9d14a2b2688"", ""TinyDT"": ""9941090e54203557d63b2f6117622bcba3535019796f7dfefb955293d085c2f2""}",,1788925235.0062149,1788925735.022301,500.00740268699974,1429.4092837919525,2.8587762423324565,2.691586092734561,311469,4281,10043,301707,0.976812176035795,0.967785084202085,0.013558194774346794,0.9771134447138691,,0.033045614,0.036925,0.038795050000000005,2.329906051496063,29.5522866,0.04073205672470794,0.07063843971554887,0,36.998,34.50066400000001,false,false,0,0,,,16,"{""0"": 150, ""1"": 200, ""2"": 150}","{""0"": 199, ""1"": 151, ""2"": 150}","{""LightLR"": 150, ""MedRF"": 350}",5,0,0,0.0
4,r2v2-b04-p1-Static-MedRF,Static-MedRF,true,1,3209bb0e2963b5c6785599cfaf1e1d3181ae36a1e04447214252205cef2a7bf1,7f250acda2a8460eed6b95b0de1bba910ad8588e14f0fa6bcb0588fcad8702d6,"{""HeavyMLP"": ""2999008343be15af0374bc647af6764e010bebc841b953b0307a10ebbc26b8a0"", ""LightLR"": ""a6cafb1426058f0268dd9da065fa3848b95c0a5531b3ec5c1b65987e5ca5268f"", ""MedRF"": ""35bc9b8674c5ae3b7c163ab29d7fd3d3abfe61dfaa1d26323530f9d14a2b2688"", ""TinyDT"": ""9941090e54203557d63b2f6117622bcba3535019796f7dfefb955293d085c2f2""}",,1788925822.02781,1788926322.0329878,499.99530116700043,1477.0586799116445,2.9541451218924575,2.684172683431353,310893,4857,1154,310596,0.9904161810450524,0.9962983159582999,0.015382422802850357,0.9904579465777248,,0.025610448,0.028555,0.02990795,18.541035634960632,29.451741549999994,0.2511432156543451,1.011355271426146,0,38.459,35.50485799999999,false,false,0,0,,,16,"{""0"": 150, ""1"": 200, ""2"": 150}","{""0"": 198, ""1"": 152, ""2"": 150}","{""MedRF"": 500}",1,0,45,0.09
4,r2v2-b04-p2-DeadlineGuard,DeadlineGuard,true,2,3209bb0e2963b5c6785599cfaf1e1d3181ae36a1e04447214252205cef2a7bf1,7f250acda2a8460eed6b95b0de1bba910ad8588e14f0fa6bcb0588fcad8702d6,"{""HeavyMLP"": ""2999008343be15af0374bc647af6764e010bebc841b953b0307a10ebbc26b8a0"", ""LightLR"": ""a6cafb1426058f0268dd9da065fa3848b95c0a5531b3ec5c1b65987e5ca5268f"", ""MedRF"": ""35bc9b8674c5ae3b7c163ab29d7fd3d3abfe61dfaa1d26323530f9d14a2b2688"", ""TinyDT"": ""9941090e54203557d63b2f6117622bcba3535019796f7dfefb955293d085c2f2""}",,1788926409.1835158,1788926909.190526,499.99670910450004,1434.1236026998804,2.868266083727656,2.684965510501791,311397,4353,10139,301611,0.9765393045972732,0.967477145148356,0.013786223277909739,0.9768454609352231,,0.032032026000000005,0.035953,0.03785375,2.3099141262992124,29.30387545,0.04026134682384145,0.07023871213095839,0,37.972,35.297396,false,false,0,0,,,16,"{""0"": 150, ""1"": 200, ""2"": 150}","{""0"": 198, ""1"": 152, ""2"": 150}","{""LightLR"": 150, ""MedRF"": 350}",6,0,0,0.0
4,r2v2-b04-p3-Tabular-Q,Tabular-Q,true,3,3209bb0e2963b5c6785599cfaf1e1d3181ae36a1e04447214252205cef2a7bf1,7f250acda2a8460eed6b95b0de1bba910ad8588e14f0fa6bcb0588fcad8702d6,"{""HeavyMLP"": ""2999008343be15af0374bc647af6764e010bebc841b953b0307a10ebbc26b8a0"", ""LightLR"": ""a6cafb1426058f0268dd9da065fa3848b95c0a5531b3ec5c1b65987e5ca5268f"", ""MedRF"": ""35bc9b8674c5ae3b7c163ab29d7fd3d3abfe61dfaa1d26323530f9d14a2b2688"", ""TinyDT"": ""9941090e54203557d63b2f6117622bcba3535019796f7dfefb955293d085c2f2""}",a89c52c9839fe4c97bbd81cdc97cd9d4bd58c9dab8a42dda728c225855501c17,1788926996.357887,1788927496.3160682,499.99973827099984,1424.0524265276476,2.848106343919347,2.685074956416674,101951,213799,832,310918,0.7434076897235634,0.9973311948676824,0.6771148060174188,0.6601081944251318,,0.108103082,0.12289649999999999,0.1261659,0.4974644220472441,1.12600945,0.017170000173980952,0.06317451745853754,0,37.485,35.117206,false,false,0,0,,,10,"{""0"": 150, ""1"": 200, ""2"": 150}","{""1"": 248, ""2"": 252}","{""TinyDT"": 500}",0,500,0,0.0
4,r2v2-b04-p4-ConfidenceCascade_0p3_0p7,ConfidenceCascade_0p3_0p7,true,4,3209bb0e2963b5c6785599cfaf1e1d3181ae36a1e04447214252205cef2a7bf1,7f250acda2a8460eed6b95b0de1bba910ad8588e14f0fa6bcb0588fcad8702d6,"{""HeavyMLP"": ""2999008343be15af0374bc647af6764e010bebc841b953b0307a10ebbc26b8a0"", ""LightLR"": ""a6cafb1426058f0268dd9da065fa3848b95c0a5531b3ec5c1b65987e5ca5268f"", ""MedRF"": ""35bc9b8674c5ae3b7c163ab29d7fd3d3abfe61dfaa1d26323530f9d14a2b2688"", ""TinyDT"": ""9941090e54203557d63b2f6117622bcba3535019796f7dfefb955293d085c2f2""}",,1788927583.0989661,1788928083.096243,499.9955782705001,1491.6803642588059,2.983387111979217,2.685931968363159,311397,4353,1920,309830,0.9899781606018535,0.993841218925421,0.013786223277909739,0.9900274978237555,,0.025521138000000002,0.028999,0.0304819,12.868330514803148,28.836733999999993,0.17526879652682692,0.6714248529278842,0,39.433,36.211008,false,false,0,0,,,16,"{""0"": 150, ""1"": 200, ""2"": 150}","{""0"": 199, ""1"": 151, ""2"": 150}","{""ConfidenceCascade_0p3_0p7"": 500}",1,0,0,0.0
4,r2v2-b04-p5-DQN,DQN,true,5,3209bb0e2963b5c6785599cfaf1e1d3181ae36a1e04447214252205cef2a7bf1,7f250acda2a8460eed6b95b0de1bba910ad8588e14f0fa6bcb0588fcad8702d6,"{""HeavyMLP"": ""2999008343be15af0374bc647af6764e010bebc841b953b0307a10ebbc26b8a0"", ""LightLR"": ""a6cafb1426058f0268dd9da065fa3848b95c0a5531b3ec5c1b65987e5ca5268f"", ""MedRF"": ""35bc9b8674c5ae3b7c163ab29d7fd3d3abfe61dfaa1d26323530f9d14a2b2688"", ""TinyDT"": ""9941090e54203557d63b2f6117622bcba3535019796f7dfefb955293d085c2f2""}",123c380bb3d78c9ac8d34614eb1f0fcc30caaee79b420a78652f39c90a88a471,1788928173.774297,1788928673.7766862,500.00021193749944,1813.611690281974,3.627221843075293,3.9191868549246474,311428,4322,10500,301250,0.9759898399862633,0.9663191659983962,0.013688044338875693,0.9763155608297602,,3.534992282,3.3741735,5.441977199999951,0.8150861155905511,1.2683195999999999,0.025093731310320437,0.07166670320511911,0,49.173,41.74332799999999,false,false,0,0,,,18,"{""0"": 150, ""1"": 200, ""2"": 150}","{""0"": 199, ""1"": 151, ""2"": 150}","{""LightLR"": 500}",1,0,0,0.0
4,r2v2-b04-p6-Static-LightLR,Static-LightLR,true,6,3209bb0e2963b5c6785599cfaf1e1d3181ae36a1e04447214252205cef2a7bf1,7f250acda2a8460eed6b95b0de1bba910ad8588e14f0fa6bcb0588fcad8702d6,"{""HeavyMLP"": ""2999008343be15af0374bc647af6764e010bebc841b953b0307a10ebbc26b8a0"", ""LightLR"": ""a6cafb1426058f0268dd9da065fa3848b95c0a5531b3ec5c1b65987e5ca5268f"", ""MedRF"": ""35bc9b8674c5ae3b7c163ab29d7fd3d3abfe61dfaa1d26323530f9d14a2b2688"", ""TinyDT"": ""9941090e54203557d63b2f6117622bcba3535019796f7dfefb955293d085c2f2""}",,1788948381.820601,1788948881.783892,499.99699243799995,1421.5710780930306,2.843159258141551,2.7177223681823475,311428,4322,10500,301250,0.9759898399862633,0.9663191659983962,0.013688044338875693,0.9763155608297602,,0.025618192,0.0284995,0.03057305,0.6348081338582677,1.4096033999999997,0.01902865807840135,0.06981905432185156,0,36.511,31.67509,false,false,0,0,,,16,"{""0"": 150, ""1"": 200, ""2"": 150}","{""0"": 199, ""1"": 151, ""2"": 150}","{""LightLR"": 500}",1,0,0,0.0
5,r2v2-b05-p1-Static-LightLR,Static-LightLR,true,1,d65962de45ab1d5a303ae7712c17b794a104116b50303a0da82bbcf5fdd41bb5,7f250acda2a8460eed6b95b0de1bba910ad8588e14f0fa6bcb0588fcad8702d6,"{""HeavyMLP"": ""2999008343be15af0374bc647af6764e010bebc841b953b0307a10ebbc26b8a0"", ""LightLR"": ""a6cafb1426058f0268dd9da065fa3848b95c0a5531b3ec5c1b65987e5ca5268f"", ""MedRF"": ""35bc9b8674c5ae3b7c163ab29d7fd3d3abfe61dfaa1d26323530f9d14a2b2688"", ""TinyDT"": ""9941090e54203557d63b2f6117622bcba3535019796f7dfefb955293d085c2f2""}",,1788948968.8146079,1788949468.817285,500.00367233349994,1415.5010718006097,2.8309813509859136,2.668665662775068,311525,4225,10443,301307,0.9762377649113371,0.9665020048115477,0.013380839271575613,0.976560582769986,,0.025880842,0.028712500000000002,0.030556849999999997,0.6342937044094488,1.32454325,0.019073540275247068,0.06982326015204292,0,34.563,31.443278,false,false,0,0,,,14,"{""0"": 150, ""1"": 200, ""2"": 150}","{""0"": 199, ""1"": 151, ""2"": 150}","{""LightLR"": 500}",1,0,0,0.0
5,r2v2-b05-p2-Tabular-Q,Tabular-Q,true,2,d65962de45ab1d5a303ae7712c17b794a104116b50303a0da82bbcf5fdd41bb5,7f250acda2a8460eed6b95b0de1bba910ad8588e14f0fa6bcb0588fcad8702d6,"{""HeavyMLP"": ""2999008343be15af0374bc647af6764e010bebc841b953b0307a10ebbc26b8a0"", ""LightLR"": ""a6cafb1426058f0268dd9da065fa3848b95c0a5531b3ec5c1b65987e5ca5268f"", ""MedRF"": ""35bc9b8674c5ae3b7c163ab29d7fd3d3abfe61dfaa1d26323530f9d14a2b2688"", ""TinyDT"": ""9941090e54203557d63b2f6117622bcba3535019796f7dfefb955293d085c2f2""}",a89c52c9839fe4c97bbd81cdc97cd9d4bd58c9dab8a42dda728c225855501c17,1788949555.551691,1788950055.551509,500.0015085625,1410.5868134336306,2.8211651150594634,2.7142415178097785,101820,213930,753,310997,0.7434099419489241,0.9975846030473136,0.6775296912114014,0.6600274559179561,,0.11056581399999998,0.123507,0.1273869,0.5153775253543308,1.1616257,0.01775755755137652,0.06384140709051271,0,34.563,31.461783999999998,false,false,0,0,,,10,"{""0"": 150, ""1"": 200, ""2"": 150}","{""1"": 239, ""2"": 261}","{""TinyDT"": 500}",0,500,0,0.0
5,r2v2-b05-p3-DeadlineGuard,DeadlineGuard,true,3,d65962de45ab1d5a303ae7712c17b794a104116b50303a0da82bbcf5fdd41bb5,7f250acda2a8460eed6b95b0de1bba910ad8588e14f0fa6bcb0588fcad8702d6,"{""HeavyMLP"": ""2999008343be15af0374bc647af6764e010bebc841b953b0307a10ebbc26b8a0"", ""LightLR"": ""a6cafb1426058f0268dd9da065fa3848b95c0a5531b3ec5c1b65987e5ca5268f"", ""MedRF"": ""35bc9b8674c5ae3b7c163ab29d7fd3d3abfe61dfaa1d26323530f9d14a2b2688"", ""TinyDT"": ""9941090e54203557d63b2f6117622bcba3535019796f7dfefb955293d085c2f2""}",,1788950142.2941492,1788950642.3157198,500.00016400000004,1422.0930357056457,2.8441851385185655,2.672515295839386,311497,4253,10062,301688,0.9768249820703232,0.9677241379310345,0.013469517022961203,0.9771273104540367,,0.032102156,0.036018,0.037851,2.2824157483464567,29.358620399999996,0.040023012925055806,0.06760122467021575,0,34.563,31.698466,false,false,0,0,,,14,"{""0"": 150, ""1"": 200, ""2"": 150}","{""0"": 199, ""1"": 151, ""2"": 150}","{""LightLR"": 150, ""MedRF"": 350}",5,0,0,0.0
5,r2v2-b05-p4-DQN,DQN,true,4,d65962de45ab1d5a303ae7712c17b794a104116b50303a0da82bbcf5fdd41bb5,7f250acda2a8460eed6b95b0de1bba910ad8588e14f0fa6bcb0588fcad8702d6,"{""HeavyMLP"": ""2999008343be15af0374bc647af6764e010bebc841b953b0307a10ebbc26b8a0"", ""LightLR"": ""a6cafb1426058f0268dd9da065fa3848b95c0a5531b3ec5c1b65987e5ca5268f"", ""MedRF"": ""35bc9b8674c5ae3b7c163ab29d7fd3d3abfe61dfaa1d26323530f9d14a2b2688"", ""TinyDT"": ""9941090e54203557d63b2f6117622bcba3535019796f7dfefb955293d085c2f2""}",123c380bb3d78c9ac8d34614eb1f0fcc30caaee79b420a78652f39c90a88a471,1788950729.17769,1788951229.183085,500.0031905000005,1423.6336672552018,2.847249166213471,2.672633033348818,311525,4225,10443,301307,0.9762377649113371,0.9665020048115477,0.013380839271575613,0.976560582769986,,3.55331575,4.0495909999999995,4.1495359999999994,0.6328795261417323,1.3777674999999998,0.023058945138618583,0.07200669342928448,0,34.076,31.618598000000002,false,false,0,0,,,14,"{""0"": 150, ""1"": 200, ""2"": 150}","{""0"": 199, ""1"": 151, ""2"": 150}","{""LightLR"": 500}",1,0,0,0.0
5,r2v2-b05-p5-Static-MedRF,Static-MedRF,true,5,d65962de45ab1d5a303ae7712c17b794a104116b50303a0da82bbcf5fdd41bb5,7f250acda2a8460eed6b95b0de1bba910ad8588e14f0fa6bcb0588fcad8702d6,"{""HeavyMLP"": ""2999008343be15af0374bc647af6764e010bebc841b953b0307a10ebbc26b8a0"", ""LightLR"": ""a6cafb1426058f0268dd9da065fa3848b95c0a5531b3ec5c1b65987e5ca5268f"", ""MedRF"": ""35bc9b8674c5ae3b7c163ab29d7fd3d3abfe61dfaa1d26323530f9d14a2b2688"", ""TinyDT"": ""9941090e54203557d63b2f6117622bcba3535019796f7dfefb955293d085c2f2""}",,1788951316.633794,1788951816.644532,500.0085892080001,1465.5897848500804,2.9311292175431114,2.690345414354077,310970,4780,1103,310647,0.9906198728588579,0.9964619085805935,0.015138558986539985,0.9906616747970267,,0.025938012,0.028768000000000002,0.030207649999999996,18.853866118582676,29.591089199999992,0.25590098260331434,1.0128669016652565,0,36.511,32.421174,false,false,0,0,,,14,"{""0"": 150, ""1"": 200, ""2"": 150}","{""0"": 199, ""1"": 151, ""2"": 150}","{""MedRF"": 500}",1,0,55,0.11
5,r2v2-b05-p6-ConfidenceCascade_0p3_0p7,ConfidenceCascade_0p3_0p7,true,6,d65962de45ab1d5a303ae7712c17b794a104116b50303a0da82bbcf5fdd41bb5,7f250acda2a8460eed6b95b0de1bba910ad8588e14f0fa6bcb0588fcad8702d6,"{""HeavyMLP"": ""2999008343be15af0374bc647af6764e010bebc841b953b0307a10ebbc26b8a0"", ""LightLR"": ""a6cafb1426058f0268dd9da065fa3848b95c0a5531b3ec5c1b65987e5ca5268f"", ""MedRF"": ""35bc9b8674c5ae3b7c163ab29d7fd3d3abfe61dfaa1d26323530f9d14a2b2688"", ""TinyDT"": ""9941090e54203557d63b2f6117622bcba3535019796f7dfefb955293d085c2f2""}",,1788951903.732557,1788952403.737495,499.99932614549925,1319.6385829064798,2.639280722795347,2.361342398104698,311455,4295,1876,309874,0.990140896825308,0.9939823576583802,0.013602533650039588,0.9901899120041703,,0.025804178,0.028796,0.030389899999999997,13.23305223889764,29.295317849999996,0.18046995840212912,0.6514947053605282,0,34.563,31.079976000000002,false,false,0,0,,,14,"{""0"": 150, ""1"": 200, ""2"": 150}","{""0"": 199, ""1"": 151, ""2"": 150}","{""ConfidenceCascade_0p3_0p7"": 500}",1,0,5,0.01
6,r2v2-b06-p1-DeadlineGuard,DeadlineGuard,true,1,e61d592edd08a526c1864fbe1f6f33cce499fe1299aa05a635da093090a77ace,7f250acda2a8460eed6b95b0de1bba910ad8588e14f0fa6bcb0588fcad8702d6,"{""HeavyMLP"": ""2999008343be15af0374bc647af6764e010bebc841b953b0307a10ebbc26b8a0"", ""LightLR"": ""a6cafb1426058f0268dd9da065fa3848b95c0a5531b3ec5c1b65987e5ca5268f"", ""MedRF"": ""35bc9b8674c5ae3b7c163ab29d7fd3d3abfe61dfaa1d26323530f9d14a2b2688"", ""TinyDT"": ""9941090e54203557d63b2f6117622bcba3535019796f7dfefb955293d085c2f2""}",,1788952490.6411111,1788952990.647999,500.0042287915003,1424.3366429753403,2.848649193263689,2.679476756796318,311538,4212,9831,301919,0.9772723226640728,0.9684651162790697,0.013339667458432304,0.9775627244103187,,0.033165403999999996,0.037564,0.0393709,2.246955854015748,29.265856699999997,0.039472858865075976,0.06834973094591985,0,33.589,31.498796,false,false,0,0,,,15,"{""0"": 150, ""1"": 200, ""2"": 150}","{""0"": 199, ""1"": 151, ""2"": 150}","{""LightLR"": 150, ""MedRF"": 350}",7,0,0,0.0
6,r2v2-b06-p2-Static-MedRF,Static-MedRF,true,2,e61d592edd08a526c1864fbe1f6f33cce499fe1299aa05a635da093090a77ace,7f250acda2a8460eed6b95b0de1bba910ad8588e14f0fa6bcb0588fcad8702d6,"{""HeavyMLP"": ""2999008343be15af0374bc647af6764e010bebc841b953b0307a10ebbc26b8a0"", ""LightLR"": ""a6cafb1426058f0268dd9da065fa3848b95c0a5531b3ec5c1b65987e5ca5268f"", ""MedRF"": ""35bc9b8674c5ae3b7c163ab29d7fd3d3abfe61dfaa1d26323530f9d14a2b2688"", ""TinyDT"": ""9941090e54203557d63b2f6117622bcba3535019796f7dfefb955293d085c2f2""}",,1788953077.674348,1788953577.673928,499.99709166650064,1464.4511354730873,2.9289193074944526,2.6734177304231372,311061,4689,1062,310688,0.9908296086757546,0.9965934242181235,0.014850356294536817,0.9908715339617933,,0.026350386,0.028907,0.030408849999999998,19.2131274192126,29.40121124999999,0.2603962333606905,1.012255503981578,0,35.537,32.307216,false,false,0,0,,,15,"{""0"": 150, ""1"": 200, ""2"": 150}","{""0"": 199, ""1"": 151, ""2"": 150}","{""MedRF"": 500}",1,0,56,0.112
6,r2v2-b06-p3-ConfidenceCascade_0p3_0p7,ConfidenceCascade_0p3_0p7,true,3,e61d592edd08a526c1864fbe1f6f33cce499fe1299aa05a635da093090a77ace,7f250acda2a8460eed6b95b0de1bba910ad8588e14f0fa6bcb0588fcad8702d6,"{""HeavyMLP"": ""2999008343be15af0374bc647af6764e010bebc841b953b0307a10ebbc26b8a0"", ""LightLR"": ""a6cafb1426058f0268dd9da065fa3848b95c0a5531b3ec5c1b65987e5ca5268f"", ""MedRF"": ""35bc9b8674c5ae3b7c163ab29d7fd3d3abfe61dfaa1d26323530f9d14a2b2688"", ""TinyDT"": ""9941090e54203557d63b2f6117622bcba3535019796f7dfefb955293d085c2f2""}",,1788953664.63802,1788954164.6285498,500.0039608544994,1456.5509487252302,2.9130788208877507,2.677550584040399,311542,4208,1810,309940,0.9903850148107199,0.9941940657578188,0.013326999208234363,0.9904335332747922,,0.026205124,0.029055,0.0307599,12.923245474015749,29.383631849999972,0.17600041153651547,0.6517060772283001,0,35.537,32.139688,false,false,0,0,,,15,"{""0"": 150, ""1"": 200, ""2"": 150}","{""0"": 199, ""1"": 151, ""2"": 150}","{""ConfidenceCascade_0p3_0p7"": 500}",1,0,2,0.004
6,r2v2-b06-p4-Tabular-Q,Tabular-Q,true,4,e61d592edd08a526c1864fbe1f6f33cce499fe1299aa05a635da093090a77ace,7f250acda2a8460eed6b95b0de1bba910ad8588e14f0fa6bcb0588fcad8702d6,"{""HeavyMLP"": ""2999008343be15af0374bc647af6764e010bebc841b953b0307a10ebbc26b8a0"", ""LightLR"": ""a6cafb1426058f0268dd9da065fa3848b95c0a5531b3ec5c1b65987e5ca5268f"", ""MedRF"": ""35bc9b8674c5ae3b7c163ab29d7fd3d3abfe61dfaa1d26323530f9d14a2b2688"", ""TinyDT"": ""9941090e54203557d63b2f6117622bcba3535019796f7dfefb955293d085c2f2""}",a89c52c9839fe4c97bbd81cdc97cd9d4bd58c9dab8a42dda728c225855501c17,1788954251.775384,1788954751.777801,500.002168125,1416.1718247196943,2.832331367742495,2.6757084235475483,101929,213821,768,310982,0.7434842741583616,0.9975364875701684,0.6771844813935075,0.6601760030883305,,0.134506556,0.1272385,0.19238965,0.49939484440944876,1.143628,0.017409516350831836,0.06622472344024573,0,33.589,31.375097999999998,false,false,0,0,,,10,"{""0"": 150, ""1"": 200, ""2"": 150}","{""1"": 237, ""2"": 263}","{""TinyDT"": 500}",0,500,0,0.0
6,r2v2-b06-p5-Static-LightLR,Static-LightLR,true,5,e61d592edd08a526c1864fbe1f6f33cce499fe1299aa05a635da093090a77ace,7f250acda2a8460eed6b95b0de1bba910ad8588e14f0fa6bcb0588fcad8702d6,"{""HeavyMLP"": ""2999008343be15af0374bc647af6764e010bebc841b953b0307a10ebbc26b8a0"", ""LightLR"": ""a6cafb1426058f0268dd9da065fa3848b95c0a5531b3ec5c1b65987e5ca5268f"", ""MedRF"": ""35bc9b8674c5ae3b7c163ab29d7fd3d3abfe61dfaa1d26323530f9d14a2b2688"", ""TinyDT"": ""9941090e54203557d63b2f6117622bcba3535019796f7dfefb955293d085c2f2""}",,1788954838.6167948,1788955338.615277,499.9986823749996,1417.4631882936199,2.8349338473466634,2.6766055558992443,311565,4185,10212,301538,0.9766840007579279,0.967242983159583,0.013254156769596199,0.9769944131949935,,0.025601544,0.0284625,0.030277,0.6307070022047244,1.3271243,0.019019599416700658,0.07448870319567504,0,33.589,31.375098,false,false,0,0,,,15,"{""0"": 150, ""1"": 200, ""2"": 150}","{""0"": 199, ""1"": 151, ""2"": 150}","{""LightLR"": 500}",1,0,0,0.0
6,r2v2-b06-p6-DQN,DQN,true,6,e61d592edd08a526c1864fbe1f6f33cce499fe1299aa05a635da093090a77ace,7f250acda2a8460eed6b95b0de1bba910ad8588e14f0fa6bcb0588fcad8702d6,"{""HeavyMLP"": ""2999008343be15af0374bc647af6764e010bebc841b953b0307a10ebbc26b8a0"", ""LightLR"": ""a6cafb1426058f0268dd9da065fa3848b95c0a5531b3ec5c1b65987e5ca5268f"", ""MedRF"": ""35bc9b8674c5ae3b7c163ab29d7fd3d3abfe61dfaa1d26323530f9d14a2b2688"", ""TinyDT"": ""9941090e54203557d63b2f6117622bcba3535019796f7dfefb955293d085c2f2""}",123c380bb3d78c9ac8d34614eb1f0fcc30caaee79b420a78652f39c90a88a471,1788955425.63869,1788955925.587143,500.0025794789999,1422.040647784257,2.8440666231482568,2.6740837928367966,311565,4185,10212,301538,0.9766840007579279,0.967242983159583,0.013254156769596199,0.9769944131949935,,3.5057594320000005,4.0462995,4.138597600000001,0.6210850590551181,1.36295935,0.02288507273150026,0.07166552680937456,0,34.076,31.449122000000003,false,false,0,0,,,15,"{""0"": 150, ""1"": 200, ""2"": 150}","{""0"": 199, ""1"": 151, ""2"": 150}","{""LightLR"": 500}",1,0,0,0.0
7,r2v2-b07-p1-ConfidenceCascade_0p3_0p7,ConfidenceCascade_0p3_0p7,true,1,b954e7c7f7e488fb860b2bcfb5dea14936bbf66c5e79216d434ac9b1672a60e9,7f250acda2a8460eed6b95b0de1bba910ad8588e14f0fa6bcb0588fcad8702d6,"{""HeavyMLP"": ""2999008343be15af0374bc647af6764e010bebc841b953b0307a10ebbc26b8a0"", ""LightLR"": ""a6cafb1426058f0268dd9da065fa3848b95c0a5531b3ec5c1b65987e5ca5268f"", ""MedRF"": ""35bc9b8674c5ae3b7c163ab29d7fd3d3abfe61dfaa1d26323530f9d14a2b2688"", ""TinyDT"": ""9941090e54203557d63b2f6117622bcba3535019796f7dfefb955293d085c2f2""}",,1788956012.944212,1788956512.932012,499.99602631249945,1464.6023329093148,2.929227945491576,2.675364768655067,311398,4352,1896,309854,0.9900184677517269,0.9939182036888532,0.013783056215360254,0.9900675737367465,,0.025448092000000002,0.028481,0.02999995,13.508732972913386,29.454250699999978,0.18394790065381675,0.7163853873375042,0,36.024,31.991640000000004,false,false,0,0,,,15,"{""0"": 150, ""1"": 200, ""2"": 150}","{""0"": 199, ""1"": 151, ""2"": 150}","{""ConfidenceCascade_0p3_0p7"": 500}",1,0,6,0.012
7,r2v2-b07-p2-DQN,DQN,true,2,b954e7c7f7e488fb860b2bcfb5dea14936bbf66c5e79216d434ac9b1672a60e9,7f250acda2a8460eed6b95b0de1bba910ad8588e14f0fa6bcb0588fcad8702d6,"{""HeavyMLP"": ""2999008343be15af0374bc647af6764e010bebc841b953b0307a10ebbc26b8a0"", ""LightLR"": ""a6cafb1426058f0268dd9da065fa3848b95c0a5531b3ec5c1b65987e5ca5268f"", ""MedRF"": ""35bc9b8674c5ae3b7c163ab29d7fd3d3abfe61dfaa1d26323530f9d14a2b2688"", ""TinyDT"": ""9941090e54203557d63b2f6117622bcba3535019796f7dfefb955293d085c2f2""}",123c380bb3d78c9ac8d34614eb1f0fcc30caaee79b420a78652f39c90a88a471,1788956599.814442,1788957099.8064692,500.0001623544995,1423.864999160354,2.8477290736374514,2.675144247338331,311430,4320,10479,301271,0.9760278355074423,0.9663865276663993,0.013681710213776722,0.9763524087263113,,3.486380952,4.0321325,4.110054,0.6211195903937008,1.3669884499999998,0.022864854675048264,0.07282100855518345,0,34.076,31.387760000000004,false,false,0,0,,,15,"{""0"": 150, ""1"": 200, ""2"": 150}","{""0"": 199, ""1"": 151, ""2"": 150}","{""LightLR"": 500}",1,0,0,0.0
7,r2v2-b07-p3-Tabular-Q,Tabular-Q,true,3,b954e7c7f7e488fb860b2bcfb5dea14936bbf66c5e79216d434ac9b1672a60e9,7f250acda2a8460eed6b95b0de1bba910ad8588e14f0fa6bcb0588fcad8702d6,"{""HeavyMLP"": ""2999008343be15af0374bc647af6764e010bebc841b953b0307a10ebbc26b8a0"", ""LightLR"": ""a6cafb1426058f0268dd9da065fa3848b95c0a5531b3ec5c1b65987e5ca5268f"", ""MedRF"": ""35bc9b8674c5ae3b7c163ab29d7fd3d3abfe61dfaa1d26323530f9d14a2b2688"", ""TinyDT"": ""9941090e54203557d63b2f6117622bcba3535019796f7dfefb955293d085c2f2""}",a89c52c9839fe4c97bbd81cdc97cd9d4bd58c9dab8a42dda728c225855501c17,1788957186.8730922,1788957686.8347871,500.0004927709997,1265.3820473023027,2.5307616004327578,2.3927124780218336,101566,214184,773,310977,0.7431542900021627,0.9975204490777867,0.6783341250989707,0.659593161989408,,0.110681286,0.1233865,0.1267778,0.5111673694488189,1.13636045,0.017572513555031036,0.0635360715757997,0,32.128,29.876112000000003,false,false,0,0,,,11,"{""0"": 150, ""1"": 200, ""2"": 150}","{""1"": 237, ""2"": 263}","{""TinyDT"": 500}",0,500,0,0.0
7,r2v2-b07-p4-Static-LightLR,Static-LightLR,true,4,b954e7c7f7e488fb860b2bcfb5dea14936bbf66c5e79216d434ac9b1672a60e9,7f250acda2a8460eed6b95b0de1bba910ad8588e14f0fa6bcb0588fcad8702d6,"{""HeavyMLP"": ""2999008343be15af0374bc647af6764e010bebc841b953b0307a10ebbc26b8a0"", ""LightLR"": ""a6cafb1426058f0268dd9da065fa3848b95c0a5531b3ec5c1b65987e5ca5268f"", ""MedRF"": ""35bc9b8674c5ae3b7c163ab29d7fd3d3abfe61dfaa1d26323530f9d14a2b2688"", ""TinyDT"": ""9941090e54203557d63b2f6117622bcba3535019796f7dfefb955293d085c2f2""}",,1788957773.6471722,1788958273.63477,499.9995537294999,1416.1354976819891,2.8322735232842216,2.674658555671976,311430,4320,10479,301271,0.9760278355074423,0.9663865276663993,0.013681710213776722,0.9763524087263113,,0.025366612,0.028018,0.030222,0.6292599069291338,1.31618515,0.018980107729992597,0.06978609370999037,0,34.076,31.209518000000003,false,false,0,0,,,15,"{""0"": 150, ""1"": 200, ""2"": 150}","{""0"": 199, ""1"": 151, ""2"": 150}","{""LightLR"": 500}",1,0,0,0.0
7,r2v2-b07-p5-DeadlineGuard,DeadlineGuard,true,5,b954e7c7f7e488fb860b2bcfb5dea14936bbf66c5e79216d434ac9b1672a60e9,7f250acda2a8460eed6b95b0de1bba910ad8588e14f0fa6bcb0588fcad8702d6,"{""HeavyMLP"": ""2999008343be15af0374bc647af6764e010bebc841b953b0307a10ebbc26b8a0"", ""LightLR"": ""a6cafb1426058f0268dd9da065fa3848b95c0a5531b3ec5c1b65987e5ca5268f"", ""MedRF"": ""35bc9b8674c5ae3b7c163ab29d7fd3d3abfe61dfaa1d26323530f9d14a2b2688"", ""TinyDT"": ""9941090e54203557d63b2f6117622bcba3535019796f7dfefb955293d085c2f2""}",,1788958360.399938,1788958860.388384,500.0011209584991,1423.2064919392094,2.846406602471073,2.6726660439186274,311405,4345,10134,301616,0.976560236097463,0.9674931836407378,0.013760886777513855,0.9768661484316119,,0.031528464,0.035277,0.03716695,2.249217196377953,29.392958999999998,0.039775324097747214,0.07330577325701594,0,34.563,31.793917999999998,false,false,0,0,,,15,"{""0"": 150, ""1"": 200, ""2"": 150}","{""0"": 199, ""1"": 151, ""2"": 150}","{""LightLR"": 150, ""MedRF"": 350}",5,0,0,0.0
7,r2v2-b07-p6-Static-MedRF,Static-MedRF,true,6,b954e7c7f7e488fb860b2bcfb5dea14936bbf66c5e79216d434ac9b1672a60e9,7f250acda2a8460eed6b95b0de1bba910ad8588e14f0fa6bcb0588fcad8702d6,"{""HeavyMLP"": ""2999008343be15af0374bc647af6764e010bebc841b953b0307a10ebbc26b8a0"", ""LightLR"": ""a6cafb1426058f0268dd9da065fa3848b95c0a5531b3ec5c1b65987e5ca5268f"", ""MedRF"": ""35bc9b8674c5ae3b7c163ab29d7fd3d3abfe61dfaa1d26323530f9d14a2b2688"", ""TinyDT"": ""9941090e54203557d63b2f6117622bcba3535019796f7dfefb955293d085c2f2""}",,1788958946.959779,1788959447.001397,499.99796508349937,1468.4702773519384,2.9369525076101155,2.6771161077984162,310936,4814,1128,310622,0.9905259364845517,0.9963817161186849,0.015246239113222487,0.9905677385027312,,0.025314404,0.027824,0.029391749999999998,19.292267903149604,29.533989199999997,0.2619449011787365,1.015946622415504,0,36.511,32.643246,false,false,0,0,,,15,"{""0"": 150, ""1"": 200, ""2"": 150}","{""0"": 198, ""1"": 152, ""2"": 150}","{""MedRF"": 500}",1,0,59,0.118
8,r2v2-b08-p1-Tabular-Q,Tabular-Q,true,1,0a4d758513a43a77c5be6e6176c75781817f56eb5d1c194ed3e21be302440073,7f250acda2a8460eed6b95b0de1bba910ad8588e14f0fa6bcb0588fcad8702d6,"{""HeavyMLP"": ""2999008343be15af0374bc647af6764e010bebc841b953b0307a10ebbc26b8a0"", ""LightLR"": ""a6cafb1426058f0268dd9da065fa3848b95c0a5531b3ec5c1b65987e5ca5268f"", ""MedRF"": ""35bc9b8674c5ae3b7c163ab29d7fd3d3abfe61dfaa1d26323530f9d14a2b2688"", ""TinyDT"": ""9941090e54203557d63b2f6117622bcba3535019796f7dfefb955293d085c2f2""}",a89c52c9839fe4c97bbd81cdc97cd9d4bd58c9dab8a42dda728c225855501c17,1788959533.765423,1788960033.761987,500.0008478540003,1415.5908508206594,2.831176900791997,2.701794401912233,101925,213825,714,311036,0.7435618226391956,0.997709703287891,0.6771971496437055,0.6602562768220928,,0.11159696,0.125544,0.1291479,0.5065139848818898,1.14093625,0.017581350173975805,0.0628340840507007,0,34.076,31.972160000000002,false,false,0,0,,,11,"{""0"": 150, ""1"": 200, ""2"": 150}","{""1"": 237, ""2"": 263}","{""TinyDT"": 500}",0,500,0,0.0
8,r2v2-b08-p2-ConfidenceCascade_0p3_0p7,ConfidenceCascade_0p3_0p7,true,2,0a4d758513a43a77c5be6e6176c75781817f56eb5d1c194ed3e21be302440073,7f250acda2a8460eed6b95b0de1bba910ad8588e14f0fa6bcb0588fcad8702d6,"{""HeavyMLP"": ""2999008343be15af0374bc647af6764e010bebc841b953b0307a10ebbc26b8a0"", ""LightLR"": ""a6cafb1426058f0268dd9da065fa3848b95c0a5531b3ec5c1b65987e5ca5268f"", ""MedRF"": ""35bc9b8674c5ae3b7c163ab29d7fd3d3abfe61dfaa1d26323530f9d14a2b2688"", ""TinyDT"": ""9941090e54203557d63b2f6117622bcba3535019796f7dfefb955293d085c2f2""}",,1788960120.6787882,1788960620.680426,500.0058358749993,1454.1100554165089,2.9081861672111247,2.6831835560521538,311431,4319,1767,309983,0.9902787627864778,0.9943319967923016,0.013678543151227237,0.9903267268205371,,0.025794268000000002,0.028693999999999997,0.03040795,13.508168202519686,29.203169399999993,0.18395839791948673,0.7577764077359429,0,36.024,32.316956,false,false,0,0,,,15,"{""0"": 150, ""1"": 200, ""2"": 150}","{""0"": 199, ""1"": 151, ""2"": 150}","{""ConfidenceCascade_0p3_0p7"": 500}",1,0,6,0.012
8,r2v2-b08-p3-DeadlineGuard,DeadlineGuard,true,3,0a4d758513a43a77c5be6e6176c75781817f56eb5d1c194ed3e21be302440073,7f250acda2a8460eed6b95b0de1bba910ad8588e14f0fa6bcb0588fcad8702d6,"{""HeavyMLP"": ""2999008343be15af0374bc647af6764e010bebc841b953b0307a10ebbc26b8a0"", ""LightLR"": ""a6cafb1426058f0268dd9da065fa3848b95c0a5531b3ec5c1b65987e5ca5268f"", ""MedRF"": ""35bc9b8674c5ae3b7c163ab29d7fd3d3abfe61dfaa1d26323530f9d14a2b2688"", ""TinyDT"": ""9941090e54203557d63b2f6117622bcba3535019796f7dfefb955293d085c2f2""}",,1788960707.52612,1788961207.627831,499.992711040999,1420.143434199523,2.84032827447173,2.6875824122492555,311433,4317,9838,301912,0.9770946909199179,0.9684426623897354,0.013672209026128266,0.9773852266818035,,0.032908243999999996,0.036564,0.038352849999999994,2.2326083012598423,29.391135699999996,0.03936658305904712,0.06804234902738243,0,34.563,31.887421999999997,false,false,0,0,,,15,"{""0"": 150, ""1"": 200, ""2"": 150}","{""0"": 198, ""1"": 152, ""2"": 150}","{""LightLR"": 150, ""MedRF"": 350}",5,0,0,0.0
8,r2v2-b08-p4-DQN,DQN,true,4,0a4d758513a43a77c5be6e6176c75781817f56eb5d1c194ed3e21be302440073,7f250acda2a8460eed6b95b0de1bba910ad8588e14f0fa6bcb0588fcad8702d6,"{""HeavyMLP"": ""2999008343be15af0374bc647af6764e010bebc841b953b0307a10ebbc26b8a0"", ""LightLR"": ""a6cafb1426058f0268dd9da065fa3848b95c0a5531b3ec5c1b65987e5ca5268f"", ""MedRF"": ""35bc9b8674c5ae3b7c163ab29d7fd3d3abfe61dfaa1d26323530f9d14a2b2688"", ""TinyDT"": ""9941090e54203557d63b2f6117622bcba3535019796f7dfefb955293d085c2f2""}",123c380bb3d78c9ac8d34614eb1f0fcc30caaee79b420a78652f39c90a88a471,1788961294.521149,1788961794.530574,499.99757918699834,1416.7260919004445,2.8334659023830815,2.6647106210855305,311451,4299,10194,301556,0.9765335449032957,0.9673007217321572,0.013615201900237529,0.9768427599159598,,3.4597798120000003,4.0212645,4.1107755,0.6251981151181102,1.37022745,0.022821336798631818,0.0719222685744171,0,34.563,31.842618,false,false,0,0,,,15,"{""0"": 150, ""1"": 200, ""2"": 150}","{""0"": 199, ""1"": 151, ""2"": 150}","{""LightLR"": 500}",1,0,0,0.0
8,r2v2-b08-p5-Static-LightLR,Static-LightLR,true,5,0a4d758513a43a77c5be6e6176c75781817f56eb5d1c194ed3e21be302440073,7f250acda2a8460eed6b95b0de1bba910ad8588e14f0fa6bcb0588fcad8702d6,"{""HeavyMLP"": ""2999008343be15af0374bc647af6764e010bebc841b953b0307a10ebbc26b8a0"", ""LightLR"": ""a6cafb1426058f0268dd9da065fa3848b95c0a5531b3ec5c1b65987e5ca5268f"", ""MedRF"": ""35bc9b8674c5ae3b7c163ab29d7fd3d3abfe61dfaa1d26323530f9d14a2b2688"", ""TinyDT"": ""9941090e54203557d63b2f6117622bcba3535019796f7dfefb955293d085c2f2""}",,1788961881.622679,1788962381.639529,500.0044939170002,1410.0617760499908,2.8200982055254453,2.665936907085819,311451,4299,10194,301556,0.9765335449032957,0.9673007217321572,0.013615201900237529,0.9768427599159598,,0.025537490000000003,0.028212,0.03048285,0.632125708503937,1.4008441999999999,0.01898741619096836,0.07007419267247314,0,34.563,31.673142,false,false,0,0,,,15,"{""0"": 150, ""1"": 200, ""2"": 150}","{""0"": 199, ""1"": 151, ""2"": 150}","{""LightLR"": 500}",1,0,0,0.0
8,r2v2-b08-p6-Static-MedRF,Static-MedRF,true,6,0a4d758513a43a77c5be6e6176c75781817f56eb5d1c194ed3e21be302440073,7f250acda2a8460eed6b95b0de1bba910ad8588e14f0fa6bcb0588fcad8702d6,"{""HeavyMLP"": ""2999008343be15af0374bc647af6764e010bebc841b953b0307a10ebbc26b8a0"", ""LightLR"": ""a6cafb1426058f0268dd9da065fa3848b95c0a5531b3ec5c1b65987e5ca5268f"", ""MedRF"": ""35bc9b8674c5ae3b7c163ab29d7fd3d3abfe61dfaa1d26323530f9d14a2b2688"", ""TinyDT"": ""9941090e54203557d63b2f6117622bcba3535019796f7dfefb955293d085c2f2""}",,1788962468.653444,1788962968.57076,500.0045815835001,1462.9745370342932,2.925922263354258,2.7289940310995653,310917,4833,1033,310717,0.9906488123704766,0.9966864474739374,0.015306413301662708,0.9906900170861374,,0.025677878,0.028453,0.029925,18.540084763149608,29.70516155,0.2512351351044199,1.0119860019898623,0,36.024,32.481562,false,false,0,0,,,15,"{""0"": 150, ""1"": 200, ""2"": 150}","{""0"": 198, ""1"": 152, ""2"": 150}","{""MedRF"": 500}",1,0,47,0.094
9,r2v2-b09-p1-Tabular-Q,Tabular-Q,true,1,096b767aeb13278ebdedc2a341e0eafd6ec5441f31234e1c7ae021a930646821,7f250acda2a8460eed6b95b0de1bba910ad8588e14f0fa6bcb0588fcad8702d6,"{""HeavyMLP"": ""2999008343be15af0374bc647af6764e010bebc841b953b0307a10ebbc26b8a0"", ""LightLR"": ""a6cafb1426058f0268dd9da065fa3848b95c0a5531b3ec5c1b65987e5ca5268f"", ""MedRF"": ""35bc9b8674c5ae3b7c163ab29d7fd3d3abfe61dfaa1d26323530f9d14a2b2688"", ""TinyDT"": ""9941090e54203557d63b2f6117622bcba3535019796f7dfefb955293d085c2f2""}",a89c52c9839fe4c97bbd81cdc97cd9d4bd58c9dab8a42dda728c225855501c17,1788963055.488161,1788963555.484541,499.99906931250007,1409.648665333579,2.8193025784464947,2.66636422658335,102003,213747,782,310968,0.7435290179505418,0.9974915797914996,0.6769501187648456,0.660270730513327,,0.10937384400000003,0.12356249999999999,0.12761085,0.4992351357480315,1.13308245,0.017372833855828503,0.06290992673239082,0,34.563,31.785152000000004,false,false,0,0,,,11,"{""0"": 150, ""1"": 200, ""2"": 150}","{""1"": 236, ""2"": 264}","{""TinyDT"": 500}",0,500,0,0.0
9,r2v2-b09-p2-Static-MedRF,Static-MedRF,true,2,096b767aeb13278ebdedc2a341e0eafd6ec5441f31234e1c7ae021a930646821,7f250acda2a8460eed6b95b0de1bba910ad8588e14f0fa6bcb0588fcad8702d6,"{""HeavyMLP"": ""2999008343be15af0374bc647af6764e010bebc841b953b0307a10ebbc26b8a0"", ""LightLR"": ""a6cafb1426058f0268dd9da065fa3848b95c0a5531b3ec5c1b65987e5ca5268f"", ""MedRF"": ""35bc9b8674c5ae3b7c163ab29d7fd3d3abfe61dfaa1d26323530f9d14a2b2688"", ""TinyDT"": ""9941090e54203557d63b2f6117622bcba3535019796f7dfefb955293d085c2f2""}",,1788963643.871007,1788964143.87664,500.0081799159998,1465.5899863937188,2.9311320199600224,2.6707735105535706,310972,4778,1072,310678,0.9906729208585378,0.9965613472333601,0.015132224861441014,0.9907145611859596,,0.026188884,0.029018,0.030629,18.661615932125986,29.61872915,0.2529360533928266,1.0147154027596115,0,36.024,32.419226,false,false,0,0,,,15,"{""0"": 150, ""1"": 200, ""2"": 150}","{""0"": 197, ""1"": 152, ""2"": 151}","{""MedRF"": 500}",1,0,45,0.09
9,r2v2-b09-p3-ConfidenceCascade_0p3_0p7,ConfidenceCascade_0p3_0p7,true,3,096b767aeb13278ebdedc2a341e0eafd6ec5441f31234e1c7ae021a930646821,7f250acda2a8460eed6b95b0de1bba910ad8588e14f0fa6bcb0588fcad8702d6,"{""HeavyMLP"": ""2999008343be15af0374bc647af6764e010bebc841b953b0307a10ebbc26b8a0"", ""LightLR"": ""a6cafb1426058f0268dd9da065fa3848b95c0a5531b3ec5c1b65987e5ca5268f"", ""MedRF"": ""35bc9b8674c5ae3b7c163ab29d7fd3d3abfe61dfaa1d26323530f9d14a2b2688"", ""TinyDT"": ""9941090e54203557d63b2f6117622bcba3535019796f7dfefb955293d085c2f2""}",,1788964230.8578,1788964730.9022899,499.99361641599717,1456.5171290195558,2.9130714497117225,2.6713109775341173,311472,4278,1817,309933,0.9902629716547835,0.9941716118684844,0.013548693586698338,0.990311459140893,,0.026769387999999998,0.02962,0.03124095,12.754436999527558,29.29272215,0.1737780838891631,0.6247157117955794,0,35.537,32.312086,false,false,0,0,,,16,"{""0"": 150, ""1"": 200, ""2"": 150}","{""0"": 199, ""1"": 151, ""2"": 150}","{""ConfidenceCascade_0p3_0p7"": 500}",1,0,0,0.0
9,r2v2-b09-p4-DeadlineGuard,DeadlineGuard,true,4,096b767aeb13278ebdedc2a341e0eafd6ec5441f31234e1c7ae021a930646821,7f250acda2a8460eed6b95b0de1bba910ad8588e14f0fa6bcb0588fcad8702d6,"{""HeavyMLP"": ""2999008343be15af0374bc647af6764e010bebc841b953b0307a10ebbc26b8a0"", ""LightLR"": ""a6cafb1426058f0268dd9da065fa3848b95c0a5531b3ec5c1b65987e5ca5268f"", ""MedRF"": ""35bc9b8674c5ae3b7c163ab29d7fd3d3abfe61dfaa1d26323530f9d14a2b2688"", ""TinyDT"": ""9941090e54203557d63b2f6117622bcba3535019796f7dfefb955293d085c2f2""}",,1788964817.918499,1788965317.9240398,500.0007253745025,1419.2706541053317,2.838537190205659,2.685269118846824,311464,4286,9907,301843,0.9770294831188631,0.9682213311948676,0.01357403008709422,0.9773236505538867,,0.032478988,0.0364345,0.03855685,2.292806196062992,29.32760995,0.04023144179978408,0.06880183584944458,0,34.563,31.718919999999997,false,false,0,0,,,16,"{""0"": 150, ""1"": 200, ""2"": 150}","{""0"": 197, ""1"": 153, ""2"": 150}","{""LightLR"": 150, ""MedRF"": 350}",6,0,0,0.0
9,r2v2-b09-p5-Static-LightLR,Static-LightLR,true,5,096b767aeb13278ebdedc2a341e0eafd6ec5441f31234e1c7ae021a930646821,7f250acda2a8460eed6b95b0de1bba910ad8588e14f0fa6bcb0588fcad8702d6,"{""HeavyMLP"": ""2999008343be15af0374bc647af6764e010bebc841b953b0307a10ebbc26b8a0"", ""LightLR"": ""a6cafb1426058f0268dd9da065fa3848b95c0a5531b3ec5c1b65987e5ca5268f"", ""MedRF"": ""35bc9b8674c5ae3b7c163ab29d7fd3d3abfe61dfaa1d26323530f9d14a2b2688"", ""TinyDT"": ""9941090e54203557d63b2f6117622bcba3535019796f7dfefb955293d085c2f2""}",,1788965405.208686,1788965905.2164109,500.0028286250017,1416.0433920763246,2.8320707624203187,2.6659908833825066,311492,4258,10267,301483,0.9764773899538618,0.9670665597433841,0.01348535233570863,0.9767906037038377,,0.026159752,0.028666,0.0302599,0.6165213267716535,1.3206810499999997,0.018748125056212303,0.06716864813715798,0,33.589,31.467628000000005,false,false,0,0,,,16,"{""0"": 150, ""1"": 200, ""2"": 150}","{""0"": 199, ""1"": 151, ""2"": 150}","{""LightLR"": 500}",1,0,0,0.0
9,r2v2-b09-p6-DQN,DQN,true,6,096b767aeb13278ebdedc2a341e0eafd6ec5441f31234e1c7ae021a930646821,7f250acda2a8460eed6b95b0de1bba910ad8588e14f0fa6bcb0588fcad8702d6,"{""HeavyMLP"": ""2999008343be15af0374bc647af6764e010bebc841b953b0307a10ebbc26b8a0"", ""LightLR"": ""a6cafb1426058f0268dd9da065fa3848b95c0a5531b3ec5c1b65987e5ca5268f"", ""MedRF"": ""35bc9b8674c5ae3b7c163ab29d7fd3d3abfe61dfaa1d26323530f9d14a2b2688"", ""TinyDT"": ""9941090e54203557d63b2f6117622bcba3535019796f7dfefb955293d085c2f2""}",123c380bb3d78c9ac8d34614eb1f0fcc30caaee79b420a78652f39c90a88a471,1788965992.272267,1788966492.242181,500.00260583300405,1417.869869843324,2.8357249608352615,2.672288539914031,311492,4258,10267,301483,0.9764773899538618,0.9670665597433841,0.01348535233570863,0.9767906037038377,,3.573844892,4.1210505,4.21222485,0.6209186787401574,1.3685056,0.022870756725751562,0.07229337190728984,0,34.076,31.528016000000004,false,false,0,0,,,16,"{""0"": 150, ""1"": 200, ""2"": 150}","{""0"": 199, ""1"": 151, ""2"": 150}","{""LightLR"": 500}",1,0,0,0.0
10,r2v2-b10-p1-Static-MedRF,Static-MedRF,true,1,62ba227f51dc4ab6e676675c7cbf24f4bc0c9d24bb6b001c3383a5cd01667c6e,7f250acda2a8460eed6b95b0de1bba910ad8588e14f0fa6bcb0588fcad8702d6,"{""HeavyMLP"": ""2999008343be15af0374bc647af6764e010bebc841b953b0307a10ebbc26b8a0"", ""LightLR"": ""a6cafb1426058f0268dd9da065fa3848b95c0a5531b3ec5c1b65987e5ca5268f"", ""MedRF"": ""35bc9b8674c5ae3b7c163ab29d7fd3d3abfe61dfaa1d26323530f9d14a2b2688"", ""TinyDT"": ""9941090e54203557d63b2f6117622bcba3535019796f7dfefb955293d085c2f2""}",,1788966579.5128372,1788967079.513802,500.001562583504,1463.348212450992,2.9266872785154585,2.666774711898312,310869,4881,1027,310723,0.9905826694338444,0.9967056936647956,0.015458432304038004,0.9906236306803788,,0.025876466,0.028759,0.030462,19.0765737896063,29.450681099999986,0.25888316066892003,1.0148853873753978,0,36.024,32.480588,false,false,0,0,,,16,"{""0"": 150, ""1"": 200, ""2"": 150}","{""0"": 198, ""1"": 152, ""2"": 150}","{""MedRF"": 500}",1,0,55,0.11
10,r2v2-b10-p2-Static-LightLR,Static-LightLR,true,2,62ba227f51dc4ab6e676675c7cbf24f4bc0c9d24bb6b001c3383a5cd01667c6e,7f250acda2a8460eed6b95b0de1bba910ad8588e14f0fa6bcb0588fcad8702d6,"{""HeavyMLP"": ""2999008343be15af0374bc647af6764e010bebc841b953b0307a10ebbc26b8a0"", ""LightLR"": ""a6cafb1426058f0268dd9da065fa3848b95c0a5531b3ec5c1b65987e5ca5268f"", ""MedRF"": ""35bc9b8674c5ae3b7c163ab29d7fd3d3abfe61dfaa1d26323530f9d14a2b2688"", ""TinyDT"": ""9941090e54203557d63b2f6117622bcba3535019796f7dfefb955293d085c2f2""}",,1788967166.344825,1788967666.3502111,500.0062862499981,1413.752739572893,2.827469930780092,2.6677467067113034,311440,4310,10303,301447,0.976335490933706,0.9669510825982358,0.013650039588281869,0.976650521504977,,0.03197702,0.028463,0.086832,0.6145774519685039,1.3207121499999999,0.01884153626859188,0.07066297374622067,0,34.076,31.473472,false,false,0,0,,,16,"{""0"": 150, ""1"": 200, ""2"": 150}","{""0"": 199, ""1"": 151, ""2"": 150}","{""LightLR"": 500}",1,0,0,0.0
10,r2v2-b10-p3-DQN,DQN,true,3,62ba227f51dc4ab6e676675c7cbf24f4bc0c9d24bb6b001c3383a5cd01667c6e,7f250acda2a8460eed6b95b0de1bba910ad8588e14f0fa6bcb0588fcad8702d6,"{""HeavyMLP"": ""2999008343be15af0374bc647af6764e010bebc841b953b0307a10ebbc26b8a0"", ""LightLR"": ""a6cafb1426058f0268dd9da065fa3848b95c0a5531b3ec5c1b65987e5ca5268f"", ""MedRF"": ""35bc9b8674c5ae3b7c163ab29d7fd3d3abfe61dfaa1d26323530f9d14a2b2688"", ""TinyDT"": ""9941090e54203557d63b2f6117622bcba3535019796f7dfefb955293d085c2f2""}",123c380bb3d78c9ac8d34614eb1f0fcc30caaee79b420a78652f39c90a88a471,1788967753.312005,1788968253.376987,499.9924700000047,1415.9195137103898,2.831881675558787,2.6643072313152905,311440,4310,10303,301447,0.976335490933706,0.9669510825982358,0.013650039588281869,0.976650521504977,,3.5288152420000007,4.0492405,4.1336077,0.6308373702362204,1.4581536999999998,0.02300882929781801,0.07302226265237549,0,34.076,31.461784,false,false,0,0,,,16,"{""0"": 150, ""1"": 200, ""2"": 150}","{""0"": 199, ""1"": 151, ""2"": 150}","{""LightLR"": 500}",1,0,0,0.0
10,r2v2-b10-p4-ConfidenceCascade_0p3_0p7,ConfidenceCascade_0p3_0p7,true,4,62ba227f51dc4ab6e676675c7cbf24f4bc0c9d24bb6b001c3383a5cd01667c6e,7f250acda2a8460eed6b95b0de1bba910ad8588e14f0fa6bcb0588fcad8702d6,"{""HeavyMLP"": ""2999008343be15af0374bc647af6764e010bebc841b953b0307a10ebbc26b8a0"", ""LightLR"": ""a6cafb1426058f0268dd9da065fa3848b95c0a5531b3ec5c1b65987e5ca5268f"", ""MedRF"": ""35bc9b8674c5ae3b7c163ab29d7fd3d3abfe61dfaa1d26323530f9d14a2b2688"", ""TinyDT"": ""9941090e54203557d63b2f6117622bcba3535019796f7dfefb955293d085c2f2""}",,1788968340.7203789,1788968840.729356,499.9989971670002,1455.5455723494988,2.911096983387239,2.6655623553487584,311383,4367,1779,309971,0.9901834885830746,0.9942935044105854,0.013830562153602533,0.9902314711284914,,0.025639124000000003,0.028546000000000002,0.029833899999999997,13.102100088976378,29.263306599999993,0.17845333215541906,0.6909678252181026,0,35.537,32.25949,false,false,0,0,,,16,"{""0"": 150, ""1"": 200, ""2"": 150}","{""0"": 199, ""1"": 151, ""2"": 150}","{""ConfidenceCascade_0p3_0p7"": 500}",1,0,2,0.004
10,r2v2-b10-p5-Tabular-Q,Tabular-Q,true,5,62ba227f51dc4ab6e676675c7cbf24f4bc0c9d24bb6b001c3383a5cd01667c6e,7f250acda2a8460eed6b95b0de1bba910ad8588e14f0fa6bcb0588fcad8702d6,"{""HeavyMLP"": ""2999008343be15af0374bc647af6764e010bebc841b953b0307a10ebbc26b8a0"", ""LightLR"": ""a6cafb1426058f0268dd9da065fa3848b95c0a5531b3ec5c1b65987e5ca5268f"", ""MedRF"": ""35bc9b8674c5ae3b7c163ab29d7fd3d3abfe61dfaa1d26323530f9d14a2b2688"", ""TinyDT"": ""9941090e54203557d63b2f6117622bcba3535019796f7dfefb955293d085c2f2""}",a89c52c9839fe4c97bbd81cdc97cd9d4bd58c9dab8a42dda728c225855501c17,1788968927.652838,1788969427.668799,500.0064420419985,1406.8678335261864,2.813699415112766,2.6873277627071244,102032,213718,687,311063,0.7436974840143402,0.9977963111467522,0.6768582739509106,0.6604690185979208,,0.11267991000000001,0.124007,0.12770565,0.497389517007874,1.1202584999999998,0.017430569539865246,0.06334462985178103,0,34.076,31.563080000000003,false,false,0,0,,,11,"{""0"": 150, ""1"": 200, ""2"": 150}","{""1"": 235, ""2"": 265}","{""TinyDT"": 500}",0,500,0,0.0
10,r2v2-b10-p6-DeadlineGuard,DeadlineGuard,true,6,62ba227f51dc4ab6e676675c7cbf24f4bc0c9d24bb6b001c3383a5cd01667c6e,7f250acda2a8460eed6b95b0de1bba910ad8588e14f0fa6bcb0588fcad8702d6,"{""HeavyMLP"": ""2999008343be15af0374bc647af6764e010bebc841b953b0307a10ebbc26b8a0"", ""LightLR"": ""a6cafb1426058f0268dd9da065fa3848b95c0a5531b3ec5c1b65987e5ca5268f"", ""MedRF"": ""35bc9b8674c5ae3b7c163ab29d7fd3d3abfe61dfaa1d26323530f9d14a2b2688"", ""TinyDT"": ""9941090e54203557d63b2f6117622bcba3535019796f7dfefb955293d085c2f2""}",,1788969514.695879,1788970014.7087228,500.00456002050123,1418.025504030038,2.8360251433944845,2.6660611108976355,311416,4334,9953,301797,0.9768774246173616,0.9680737770649559,0.013726049089469517,0.9771738639877432,,0.031890588000000004,0.03574,0.037555899999999996,2.2555854766929135,29.45437549999999,0.03962824218592141,0.06726367913142894,0,35.05,31.547496000000002,false,false,0,0,,,16,"{""0"": 150, ""1"": 200, ""2"": 150}","{""0"": 198, ""1"": 152, ""2"": 150}","{""LightLR"": 150, ""MedRF"": 350}",4,0,0,0.0
