dataset,scenario,seed,model,rows,accuracy,balanced_accuracy,precision,recall,f1,roc_auc,average_precision,tn,fp,fn,tp,trace_sha256
ton_iot,stationary,11,TinyDT,20000,0.48265,0.6593341810569899,0.31615847608968844,0.9983291562238931,0.4802330838398553,0.9907412372965018,0.9508744659461806,4873,10339,8,4780,1236ed0a468c37d33be09d4bdd22b5d8a0d2cb32130525668c4e90f5c3f14f02
ton_iot,stationary,11,LightLR,20000,0.98165,0.9771317536983839,0.955491448588502,0.9684628237259816,0.9619334093973654,0.9942535432388493,0.9840460188149193,14996,216,151,4637,1236ed0a468c37d33be09d4bdd22b5d8a0d2cb32130525668c4e90f5c3f14f02
ton_iot,stationary,11,MedRF,20000,0.98705,0.9902704818405028,0.9517255136644723,0.9964494569757728,0.9735741250892767,0.9965055700650521,0.9859487124586888,14970,242,17,4771,1236ed0a468c37d33be09d4bdd22b5d8a0d2cb32130525668c4e90f5c3f14f02
ton_iot,stationary,11,HeavyMLP,20000,0.98685,0.9882784740359093,0.9556898288016112,0.9910192147034252,0.9730339382754024,0.9917376256290652,0.9823174543092928,14992,220,43,4745,1236ed0a468c37d33be09d4bdd22b5d8a0d2cb32130525668c4e90f5c3f14f02
ton_iot,stationary,23,TinyDT,20000,0.4818,0.6591729985723123,0.31430085447439887,0.9974774017237755,0.4779893220509721,0.9902605400941438,0.9504278309870106,4891,10352,12,4745,edc3ac9b9e63743ea773eb241b0306d7fa8273ce8c919b5c728f2cce5db8ac95
ton_iot,stationary,23,LightLR,20000,0.98165,0.9764649825100211,0.9567207657095298,0.9665755728400253,0.9616229216772979,0.9936049314813151,0.9833997208705839,15035,208,159,4598,edc3ac9b9e63743ea773eb241b0306d7fa8273ce8c919b5c728f2cce5db8ac95
ton_iot,stationary,23,MedRF,20000,0.9877,0.9908461275042442,0.9535491654936658,0.9968467521547194,0.9747173689619733,0.996661483587493,0.9863805897629127,15012,231,15,4742,edc3ac9b9e63743ea773eb241b0306d7fa8273ce8c919b5c728f2cce5db8ac95
ton_iot,stationary,23,HeavyMLP,20000,0.98705,0.9879612873923003,0.9572997153314355,0.9896993903720832,0.9732299741602067,0.9912635403168275,0.9825556222037648,15033,210,49,4708,edc3ac9b9e63743ea773eb241b0306d7fa8273ce8c919b5c728f2cce5db8ac95
ton_iot,stationary,37,TinyDT,20000,0.48255,0.6594730725357488,0.31518282988871227,0.997693436779199,0.47903347596274853,0.9903714639109336,0.9505971202635167,4893,10338,11,4758,5e0ff20f084de89152b3e48a2f00554e2b71c393999c66515fb7b24f8cb63193
ton_iot,stationary,37,LightLR,20000,0.98155,0.976652051590658,0.9558640696228761,0.9672887397777312,0.9615424700364773,0.9939103666401746,0.9836174075489463,15018,213,156,4613,5e0ff20f084de89152b3e48a2f00554e2b71c393999c66515fb7b24f8cb63193
ton_iot,stationary,37,MedRF,20000,0.98725,0.9903326267615438,0.952485966319166,0.9962256238205074,0.9738649174951317,0.9965338842288669,0.9859605760350297,14994,237,18,4751,5e0ff20f084de89152b3e48a2f00554e2b71c393999c66515fb7b24f8cb63193
ton_iot,stationary,37,HeavyMLP,20000,0.987,0.9880800239118993,0.956838905775076,0.9901446844202139,0.97320692497939,0.9913059785158836,0.9818710463579656,15018,213,47,4722,5e0ff20f084de89152b3e48a2f00554e2b71c393999c66515fb7b24f8cb63193
ton_iot,stationary,53,TinyDT,20000,0.4825,0.659786022433132,0.3142743433271425,0.9974736842105263,0.4779582366589327,0.9904824089732529,0.9514920798021005,4912,10338,12,4738,4159aea5d061dc9186d53e660363a7f27c5cdf5a27a6ddd0d8b715a1640ef852
ton_iot,stationary,53,LightLR,20000,0.9815,0.976127696289905,0.9566305254378649,0.9658947368421053,0.9612403100775194,0.9937201035375323,0.9835673348482814,15042,208,162,4588,4159aea5d061dc9186d53e660363a7f27c5cdf5a27a6ddd0d8b715a1640ef852
ton_iot,stationary,53,MedRF,20000,0.98755,0.9908213977566869,0.9527258096962382,0.9970526315789474,0.9743853513013064,0.9967101984469371,0.9860492053887705,15015,235,14,4736,4159aea5d061dc9186d53e660363a7f27c5cdf5a27a6ddd0d8b715a1640ef852
ton_iot,stationary,53,HeavyMLP,20000,0.9871,0.9880621225194133,0.9572475570032574,0.9898947368421053,0.9732974539432829,0.9909926419327005,0.9817201968052733,15040,210,48,4702,4159aea5d061dc9186d53e660363a7f27c5cdf5a27a6ddd0d8b715a1640ef852
ton_iot,stationary,71,TinyDT,20000,0.4839,0.6605475087891104,0.31570565987658417,0.9981120201384519,0.4796854521625164,0.9907651114233393,0.9512427971188239,4920,10313,9,4758,e6fb4a96b33811d21a531538530911687e31111440eabeb33626961d8e38a79e
ton_iot,stationary,71,LightLR,20000,0.9814,0.976115251422657,0.956386292834891,0.9660163624921334,0.9611772072636193,0.9939759041951679,0.9839920914873868,15023,210,162,4605,e6fb4a96b33811d21a531538530911687e31111440eabeb33626961d8e38a79e
ton_iot,stationary,71,MedRF,20000,0.98775,0.9910214127077817,0.9534697152025672,0.9972729179777637,0.9748795242489491,0.9967694456644512,0.9863910596770615,15001,232,13,4754,e6fb4a96b33811d21a531538530911687e31111440eabeb33626961d8e38a79e
ton_iot,stationary,71,HeavyMLP,20000,0.98715,0.9884656021614937,0.9566626164439044,0.9909796517726033,0.9735188047398249,0.9916100731975206,0.9827485834506624,15019,214,43,4724,e6fb4a96b33811d21a531538530911687e31111440eabeb33626961d8e38a79e
ton_iot,stationary,89,TinyDT,20000,0.48255,0.6593570188615888,0.3152490726020138,0.9974848040243136,0.4790859213771581,0.9903858317067877,0.9514083240953858,4892,10337,12,4759,be653585e608d6fb94936159dfb62ad51d9f9dd04b3f4d0026c7188d2d11a632
ton_iot,stationary,89,LightLR,20000,0.9815,0.9761933510593165,0.9568195972597052,0.9660448543282331,0.961410095953275,0.9934467245176789,0.9830229208651821,15021,208,162,4609,be653585e608d6fb94936159dfb62ad51d9f9dd04b3f4d0026c7188d2d11a632
ton_iot,stationary,89,MedRF,20000,0.9875,0.9905685243293131,0.9532785241628233,0.9964368057011109,0.9743799959007994,0.9965688084841937,0.9860454049123529,14996,233,17,4754,be653585e608d6fb94936159dfb62ad51d9f9dd04b3f4d0026c7188d2d11a632
ton_iot,stationary,89,HeavyMLP,20000,0.98715,0.9882516353184945,0.9572528363047001,0.9903584154265354,0.9735242608426908,0.9915134156929218,0.9823300929706926,15018,211,46,4725,be653585e608d6fb94936159dfb62ad51d9f9dd04b3f4d0026c7188d2d11a632
ton_iot,stationary,107,TinyDT,20000,0.48235,0.6593798295565388,0.3148479427549195,0.9974811083123426,0.4786221483607796,0.9905182186495856,0.9520346709220304,4895,10341,12,4752,3b3d0af082ce2900e89201369c41bbfaa99e9cc3699605fbf239d8d35784ec98
ton_iot,stationary,107,LightLR,20000,0.9821,0.9771424411536687,0.9576235978396344,0.9676742233417296,0.9626226769680518,0.9938380341843605,0.9838344261877885,15032,204,154,4610,3b3d0af082ce2900e89201369c41bbfaa99e9cc3699605fbf239d8d35784ec98
ton_iot,stationary,107,MedRF,20000,0.98805,0.9909304083152743,0.9553230026162206,0.996431570109152,0.975444364533032,0.996695449473484,0.9865755096999059,15014,222,17,4747,3b3d0af082ce2900e89201369c41bbfaa99e9cc3699605fbf239d8d35784ec98
ton_iot,stationary,107,HeavyMLP,20000,0.98715,0.9882477346617528,0.9571921282207344,0.9903442485306465,0.9734860208397813,0.9917534719351996,0.982780297253911,15025,211,46,4718,3b3d0af082ce2900e89201369c41bbfaa99e9cc3699605fbf239d8d35784ec98
ton_iot,stationary,131,TinyDT,20000,0.48395,0.6607299732973754,0.3147187873952932,0.9972614282704866,0.478447622416494,0.9900424538074482,0.9494900190505684,4945,10308,13,4734,5608f466190713a4c3fe5baf8334d438f574f674533f15a10d36fd3af78e6ff4
ton_iot,stationary,131,LightLR,20000,0.9813,0.9762773359458612,0.9550468262226847,0.966715820518222,0.9608458961474037,0.9934970781630488,0.9829736965226508,15037,216,158,4589,5608f466190713a4c3fe5baf8334d438f574f674533f15a10d36fd3af78e6ff4
ton_iot,stationary,131,MedRF,20000,0.98715,0.990342090615126,0.9517102615694165,0.9964187908152518,0.9735515076669754,0.9966506984207978,0.985801493475809,15013,240,17,4730,5608f466190713a4c3fe5baf8334d438f574f674533f15a10d36fd3af78e6ff4
ton_iot,stationary,131,HeavyMLP,20000,0.98665,0.9878378088907036,0.9552845528455285,0.9900990099009901,0.9723802627495604,0.9914366478320835,0.9819521795865097,15033,220,47,4700,5608f466190713a4c3fe5baf8334d438f574f674533f15a10d36fd3af78e6ff4
ton_iot,stationary,157,TinyDT,20000,0.48435,0.6602204028457037,0.3170036460059662,0.9979131886477463,0.481159128641143,0.9908269560810188,0.9520609528822721,4905,10303,10,4782,852135ccd5bb35726abb3f54cbb8260a81f08a2fc5e106e3d05980df4889c552
ton_iot,stationary,157,LightLR,20000,0.9816,0.9766813925365703,0.9564589352042921,0.967237061769616,0.9618178045237601,0.9939265529125783,0.9840910034354919,14997,211,157,4635,852135ccd5bb35726abb3f54cbb8260a81f08a2fc5e106e3d05980df4889c552
ton_iot,stationary,157,MedRF,20000,0.98745,0.990461427910273,0.9534651487916916,0.9962437395659433,0.9743851413409531,0.9967354191054878,0.9870366102241109,14975,233,18,4774,852135ccd5bb35726abb3f54cbb8260a81f08a2fc5e106e3d05980df4889c552
ton_iot,stationary,157,HeavyMLP,20000,0.98725,0.988686266080852,0.9568982880161128,0.9914440734557596,0.9738649174951317,0.9921377516139033,0.9830559345702603,14994,214,41,4751,852135ccd5bb35726abb3f54cbb8260a81f08a2fc5e106e3d05980df4889c552
ton_iot,stationary,191,TinyDT,20000,0.48275,0.6597585288089487,0.3149486244613855,0.997690046199076,0.47876253338035973,0.9908066889850022,0.9528258246092478,4904,10334,11,4751,9556c4c172889bdb77cbd45c576171dc2afb964144e83db378d51d372343a1df
ton_iot,stationary,191,LightLR,20000,0.9816,0.9762309229468383,0.9571369121930919,0.9659806803863923,0.9615384615384616,0.9938540811149913,0.9839329853900215,15032,206,162,4600,9556c4c172889bdb77cbd45c576171dc2afb964144e83db378d51d372343a1df
ton_iot,stationary,191,MedRF,20000,0.9877,0.9907009262361018,0.9539605950944914,0.996430071398572,0.9747329498767461,0.9967968749956934,0.9870130424601511,15009,229,17,4745,9556c4c172889bdb77cbd45c576171dc2afb964144e83db378d51d372343a1df
ton_iot,stationary,191,HeavyMLP,20000,0.98735,0.9883778666466309,0.9579524680073126,0.9903401931961361,0.9738771295818276,0.9917169142507687,0.9826695535446591,15031,207,46,4716,9556c4c172889bdb77cbd45c576171dc2afb964144e83db378d51d372343a1df
ton_iot,drift,11,TinyDT,50000,0.55422,0.6596479722064662,0.4354269762720467,0.9975581395348837,0.6062361982157053,0.9900271554169031,0.9683789175539881,10553,22247,42,17158,5ed9a96ef127ae986f17b76160fd4090578a54a733acd06a421ccf355bddeb7e
ton_iot,drift,11,LightLR,50000,0.97914,0.9760124787294384,0.9731740174544603,0.9659883720930232,0.9695678814226942,0.9932763170022688,0.9891966016433402,32342,458,585,16615,5ed9a96ef127ae986f17b76160fd4090578a54a733acd06a421ccf355bddeb7e
ton_iot,drift,11,MedRF,50000,0.98828,0.9901269143505389,0.9706515580736544,0.996046511627907,0.9831850789096126,0.9964978410380034,0.9913200181789603,32282,518,68,17132,5ed9a96ef127ae986f17b76160fd4090578a54a733acd06a421ccf355bddeb7e
ton_iot,drift,11,HeavyMLP,50000,0.98736,0.9880154566080545,0.973587925908987,0.9901162790697674,0.9817825435258849,0.9913712785380033,0.9878589409957842,32338,462,170,17030,5ed9a96ef127ae986f17b76160fd4090578a54a733acd06a421ccf355bddeb7e
ton_iot,drift,23,TinyDT,50000,0.554,0.6593558564946114,0.4352759023300675,0.9970348837209302,0.605993144634086,0.989767909812819,0.9685122945791164,10551,22249,51,17149,f9cd7aed9015912ba904cfba09b11dfc10a68449324cb8ac164c609851790113
ton_iot,drift,23,LightLR,50000,0.98026,0.9777233408961996,0.9729304007934193,0.969593023255814,0.9712588451122565,0.9935516972135565,0.9887699187119516,32336,464,523,16677,f9cd7aed9015912ba904cfba09b11dfc10a68449324cb8ac164c609851790113
ton_iot,drift,23,MedRF,50000,0.98834,0.9902417753828701,0.9705499235430708,0.9963372093023256,0.9832745216168919,0.9965000655842315,0.9917774694557364,32280,520,63,17137,f9cd7aed9015912ba904cfba09b11dfc10a68449324cb8ac164c609851790113
ton_iot,drift,23,HeavyMLP,50000,0.98708,0.9878020419739081,0.9728093225179938,0.9901162790697674,0.9813865037745635,0.9911873041335791,0.9878297599454501,32324,476,170,17030,f9cd7aed9015912ba904cfba09b11dfc10a68449324cb8ac164c609851790113
ton_iot,drift,37,TinyDT,50000,0.55424,0.6598429523539421,0.4354805985290388,0.998313953488372,0.6064276885043264,0.9907406772901306,0.9694290948196458,10541,22259,29,17171,adf27ea882a171dd67851274df03d1ed3bb480aa3463b6ba575964c2b0a2d6a1
ton_iot,drift,37,LightLR,50000,0.97922,0.9760181508791832,0.9736240548619659,0.9657558139534884,0.9696739733224365,0.9935864958522405,0.9895689762131246,32350,450,589,16611,adf27ea882a171dd67851274df03d1ed3bb480aa3463b6ba575964c2b0a2d6a1
ton_iot,drift,37,MedRF,50000,0.98836,0.9902984968803177,0.9704450232136791,0.9965116279069768,0.9833056049566864,0.9962213769143504,0.9907189180774675,32278,522,60,17140,adf27ea882a171dd67851274df03d1ed3bb480aa3463b6ba575964c2b0a2d6a1
ton_iot,drift,37,HeavyMLP,50000,0.98808,0.9888822319909245,0.9743457890526797,0.991453488372093,0.9828251973949629,0.9918727293675552,0.988573520930189,32351,449,147,17053,adf27ea882a171dd67851274df03d1ed3bb480aa3463b6ba575964c2b0a2d6a1
ton_iot,drift,53,TinyDT,50000,0.5555,0.6606650595575723,0.4361450682390017,0.9977325581395349,0.6069641183440324,0.9905241128403288,0.9696031772183932,10614,22186,39,17161,6c94334b6f0829014c1a36a436ec161ba5fa1926be4cfa075b53258f23e24943
ton_iot,drift,53,LightLR,50000,0.97934,0.9760404849688031,0.9742446465239073,0.9654651162790697,0.9698350124105709,0.9934928779069768,0.9898199486384669,32361,439,594,16606,6c94334b6f0829014c1a36a436ec161ba5fa1926be4cfa075b53258f23e24943
ton_iot,drift,53,MedRF,50000,0.9889,0.9908483408961997,0.9713962050410648,0.997093023255814,0.9840768899727442,0.9963742121029495,0.9909139239053366,32295,505,50,17150,6c94334b6f0829014c1a36a436ec161ba5fa1926be4cfa075b53258f23e24943
ton_iot,drift,53,HeavyMLP,50000,0.98776,0.9883065087918321,0.9747567258156841,0.9900581395348838,0.9823478511681569,0.9908542789279636,0.9872333793381867,32359,441,171,17029,6c94334b6f0829014c1a36a436ec161ba5fa1926be4cfa075b53258f23e24943
ton_iot,drift,71,TinyDT,50000,0.55468,0.6600124078275666,0.4356845419459679,0.9976162790697675,0.6064965361232857,0.9903030709373228,0.969399285184773,10575,22225,41,17159,c1a4a42af6f6b8340fff0568233488f9eaf6c007e31ee5e1d2c290553419bada
ton_iot,drift,71,LightLR,50000,0.97908,0.9758837918321044,0.9733356774496015,0.9656395348837209,0.9694723324772356,0.9938349501914352,0.9887676058586141,32345,455,591,16609,c1a4a42af6f6b8340fff0568233488f9eaf6c007e31ee5e1d2c290553419bada
ton_iot,drift,71,MedRF,50000,0.98868,0.9906668321043675,0.9708446557971014,0.9970348837209302,0.9837654887563102,0.9966643664917754,0.9917505532850258,32285,515,51,17149,c1a4a42af6f6b8340fff0568233488f9eaf6c007e31ee5e1d2c290553419bada
ton_iot,drift,71,HeavyMLP,50000,0.98778,0.988750354509359,0.9731333067138213,0.9918604651162791,0.9824076473467508,0.9922498245178673,0.9886845304129436,32329,471,140,17060,c1a4a42af6f6b8340fff0568233488f9eaf6c007e31ee5e1d2c290553419bada
ton_iot,drift,89,TinyDT,50000,0.55688,0.6618136698808849,0.4369337269673216,0.998139534883721,0.6078028747433265,0.9917125079764606,0.9731950641665024,10676,22124,32,17168,d527039db6b90f2a26bbd6d3f67ee8788b47a808691668347de1ea9ba1c9e685
ton_iot,drift,89,LightLR,50000,0.98022,0.9768079977311401,0.9763737878342639,0.9658720930232558,0.9710945491743388,0.994213890562961,0.9906899093115593,32398,402,587,16613,d527039db6b90f2a26bbd6d3f67ee8788b47a808691668347de1ea9ba1c9e685
ton_iot,drift,89,MedRF,50000,0.98956,0.9912822603516733,0.9734839881898706,0.9968023255813954,0.9850051706308169,0.9972748395845151,0.993197390889052,32333,467,55,17145,d527039db6b90f2a26bbd6d3f67ee8788b47a808691668347de1ea9ba1c9e685
ton_iot,drift,89,HeavyMLP,50000,0.98902,0.9895157402155417,0.9772974832310956,0.9911046511627907,0.9841526426695147,0.9922596515173,0.9891493130257966,32404,396,153,17047,d527039db6b90f2a26bbd6d3f67ee8788b47a808691668347de1ea9ba1c9e685
ton_iot,drift,107,TinyDT,50000,0.55878,0.6630821043675553,0.43795154578642365,0.9973837209302325,0.6086462897589185,0.9900034733054452,0.9687108339303692,10784,22016,45,17155,741c9432080f92e9b60dc7275442f31bdd2587888e353cd254941e8654ed1e1c
ton_iot,drift,107,LightLR,50000,0.98,0.9771795235394214,0.9735734331150608,0.968139534883721,0.9708488805970149,0.9938522520207035,0.9900190219568358,32348,452,548,16652,741c9432080f92e9b60dc7275442f31bdd2587888e353cd254941e8654ed1e1c
ton_iot,drift,107,MedRF,50000,0.98858,0.9903970504821327,0.9713168187744459,0.9962209302325581,0.9836112625929221,0.9964190353800341,0.9912826442833141,32294,506,65,17135,741c9432080f92e9b60dc7275442f31bdd2587888e353cd254941e8654ed1e1c
ton_iot,drift,107,HeavyMLP,50000,0.9876,0.9883228162223483,0.9737684306777917,0.9906395348837209,0.9821315349587872,0.9917790662223482,0.9881232344080969,32341,459,161,17039,741c9432080f92e9b60dc7275442f31bdd2587888e353cd254941e8654ed1e1c
ton_iot,drift,131,TinyDT,50000,0.55476,0.6599489506522972,0.4356994055180123,0.997093023255814,0.6064142003465224,0.990072142654566,0.9691725586752735,10588,22212,50,17150,15d066c5345638a5c93c237b05715cf23a2e5baea91217c6f45a96e449b45af5
ton_iot,drift,131,LightLR,50000,0.9798,0.9770132586500284,0.9730598410472183,0.9680813953488372,0.9705642340871998,0.993378619540556,0.98947517160694,32339,461,549,16651,15d066c5345638a5c93c237b05715cf23a2e5baea91217c6f45a96e449b45af5
ton_iot,drift,131,MedRF,50000,0.9885,0.9904328559273965,0.9707231440058893,0.9966279069767442,0.983504977193838,0.9965686755530345,0.9914396761273729,32283,517,58,17142,15d066c5345638a5c93c237b05715cf23a2e5baea91217c6f45a96e449b45af5
ton_iot,drift,131,HeavyMLP,50000,0.98694,0.9876262053318208,0.9726903959321259,0.9898255813953488,0.9811831830101144,0.9912717119256949,0.9874616971687104,32322,478,175,17025,15d066c5345638a5c93c237b05715cf23a2e5baea91217c6f45a96e449b45af5
ton_iot,drift,157,TinyDT,50000,0.55672,0.6616778927963698,0.43684156954552394,0.9980813953488372,0.607702927537258,0.9912166805516167,0.9715523993478412,10669,22131,33,17167,8db461cd292378a83bb927edf481df4fe6b9de555cf56a7086258e05eb896c17
ton_iot,drift,157,LightLR,50000,0.98044,0.9776669739081112,0.9742165575304023,0.9687790697674419,0.9714902052238806,0.9942189396625071,0.9898808744881858,32359,441,537,16663,8db461cd292378a83bb927edf481df4fe6b9de555cf56a7086258e05eb896c17
ton_iot,drift,157,MedRF,50000,0.98942,0.9913276375496314,0.9725072274814353,0.9974418604651163,0.9848167388995723,0.9970365126914351,0.9925263031771671,32315,485,44,17156,8db461cd292378a83bb927edf481df4fe6b9de555cf56a7086258e05eb896c17
ton_iot,drift,157,HeavyMLP,50000,0.9873,0.9878176403857062,0.9740170548846793,0.9894767441860465,0.9816860381276498,0.9907027899886558,0.9876331979704329,32346,454,181,17019,8db461cd292378a83bb927edf481df4fe6b9de555cf56a7086258e05eb896c17
ton_iot,drift,191,TinyDT,50000,0.552,0.657997376630743,0.43421385557411063,0.9977325581395349,0.6050914988893198,0.9908967642158253,0.9715058803301997,10439,22361,39,17161,76defdf562db614e2c913118cb5ca0648a39e61e7e3119a04dbb5d174ecf0e2a
ton_iot,drift,191,LightLR,50000,0.97982,0.9769317214974476,0.9735041235304439,0.9676744186046512,0.9705805172464064,0.9938970947958027,0.9895927188394851,32347,453,556,16644,76defdf562db614e2c913118cb5ca0648a39e61e7e3119a04dbb5d174ecf0e2a
ton_iot,drift,191,MedRF,50000,0.98892,0.9906700226885989,0.9722001588562351,0.9962790697674418,0.9840923447998622,0.9967687659529212,0.9919318337528095,32310,490,64,17136,76defdf562db614e2c913118cb5ca0648a39e61e7e3119a04dbb5d174ecf0e2a
ton_iot,drift,191,HeavyMLP,50000,0.98774,0.9884295235394214,0.9741581384712138,0.9906395348837209,0.9823297108760197,0.991955124432785,0.988720180605699,32348,452,161,17039,76defdf562db614e2c913118cb5ca0648a39e61e7e3119a04dbb5d174ecf0e2a
ciciot2023,stationary,11,TinyDT,20000,0.98125,0.8255813953488372,0.9805699481865285,1.0,0.9901896664486592,0.9994986574913214,0.9999451063269775,700,375,0,18925,292d1f8697e030530fbc6e76a8803e5f44976d8745e2e030517283451935c9b2
ciciot2023,stationary,11,LightLR,20000,0.9764,0.7804651162790698,0.9756663401556942,1.0,0.9876833150670633,0.9999974440109367,0.9999998549497967,603,472,0,18925,292d1f8697e030530fbc6e76a8803e5f44976d8745e2e030517283451935c9b2
ciciot2023,stationary,11,MedRF,20000,0.984,0.8511627906976744,0.9833723044946739,1.0,0.9916164527115536,0.9999958219409543,0.9999997624978686,755,320,0,18925,292d1f8697e030530fbc6e76a8803e5f44976d8745e2e030517283451935c9b2
ciciot2023,stationary,11,HeavyMLP,20000,0.9864,0.8734883720930233,0.9858311194457468,1.0,0.992865012328839,0.9999946422536942,0.9999996957815595,803,272,0,18925,292d1f8697e030530fbc6e76a8803e5f44976d8745e2e030517283451935c9b2
ciciot2023,stationary,23,TinyDT,20000,0.9823,0.8314285714285714,0.9816618317447161,1.0,0.9907460657708997,0.9990300037693178,0.9998934876167486,696,354,0,18950,01a9fa0f8625fc8cbb3081363dbd136fe1b70ca5664e0971185d2e253d257f66
ciciot2023,stationary,23,LightLR,20000,0.9776,0.7866666666666666,0.9769048355500567,1.0,0.9883175132992594,0.9999981907274783,0.9999998998087885,602,448,0,18950,01a9fa0f8625fc8cbb3081363dbd136fe1b70ca5664e0971185d2e253d257f66
ciciot2023,stationary,23,MedRF,20000,0.985,0.8571428571428572,0.9844155844155844,1.0,0.9921465968586387,0.9999992963940194,0.9999999610228766,750,300,0,18950,01a9fa0f8625fc8cbb3081363dbd136fe1b70ca5664e0971185d2e253d257f66
ciciot2023,stationary,23,HeavyMLP,20000,0.988,0.8857142857142857,0.9874934861907243,1.0,0.9937073938122706,0.9999984922728985,0.9999999165495282,810,240,0,18950,01a9fa0f8625fc8cbb3081363dbd136fe1b70ca5664e0971185d2e253d257f66
ciciot2023,stationary,37,TinyDT,20000,0.9836,0.8393731635651323,0.9830113430362045,1.0,0.9914328997544795,0.9999990968934735,0.9999999167398235,693,328,0,18979,986f8b6e142a4415030e669b6e01e4440e7169ea059489ee50973fc6378607f4
ciciot2023,stationary,37,LightLR,20000,0.97945,0.7987267384916747,0.9788035069623517,1.0,0.9892882274753055,0.9999854986894892,0.9999992297178486,610,411,0,18979,986f8b6e142a4415030e669b6e01e4440e7169ea059489ee50973fc6378607f4
ciciot2023,stationary,37,MedRF,20000,0.98545,0.8574926542605289,0.9848988064348728,1.0,0.9923919579596853,0.9999928267538754,0.9999996138754845,730,291,0,18979,986f8b6e142a4415030e669b6e01e4440e7169ea059489ee50973fc6378607f4
ciciot2023,stationary,37,HeavyMLP,20000,0.9875,0.8775710088148874,0.9869988038899579,1.0,0.9934568676716918,0.9999963617708505,0.9999998028356696,771,250,0,18979,986f8b6e142a4415030e669b6e01e4440e7169ea059489ee50973fc6378607f4
ciciot2023,stationary,53,TinyDT,20000,0.9821,0.8267182962245886,0.9814747736093143,1.0,0.9906507886764859,0.9999998468833958,0.9999999833242539,675,358,0,18967,9155e35b65975a09b76c08832e7c95ee0810fa208d067013a338108344eb7657
ciciot2023,stationary,53,LightLR,20000,0.97745,0.7817037754114231,0.9767741270985684,1.0,0.9882506187312753,0.9999992854558467,0.9999999610869948,582,451,0,18967,9155e35b65975a09b76c08832e7c95ee0810fa208d067013a338108344eb7657
ciciot2023,stationary,53,MedRF,20000,0.9838,0.8431752178121975,0.9832046031828314,1.0,0.9915311830205448,0.9999942836467741,0.9999996883875452,709,324,0,18967,9155e35b65975a09b76c08832e7c95ee0810fa208d067013a338108344eb7657
ciciot2023,stationary,53,HeavyMLP,20000,0.9869,0.8731848983543078,0.9863747464766759,1.0,0.993140642999267,0.9999998979222637,0.9999999944411249,771,262,0,18967,9155e35b65975a09b76c08832e7c95ee0810fa208d067013a338108344eb7657
ciciot2023,stationary,71,TinyDT,20000,0.98265,0.8326904532304725,0.9820300362506473,1.0,0.990933556292948,0.9999828372065563,0.9999990681722921,690,347,0,18963,2fb21c6377ef14c06adcd334613802e6f0071ffdd6f0b631f5d62aa92bb01f23
ciciot2023,stationary,71,LightLR,20000,0.97805,0.7883317261330762,0.9773734666529224,1.0,0.988557278769712,0.9999843373618352,0.9999991540556835,598,439,0,18963,2fb21c6377ef14c06adcd334613802e6f0071ffdd6f0b631f5d62aa92bb01f23
ciciot2023,stationary,71,MedRF,20000,0.98515,0.8567984570877532,0.9845794392523365,1.0,0.9922298092771368,0.9999995423255081,0.9999999749762674,740,297,0,18963,2fb21c6377ef14c06adcd334613802e6f0071ffdd6f0b631f5d62aa92bb01f23
ciciot2023,stationary,71,HeavyMLP,20000,0.9868,0.8727097396335584,0.9862693087845218,1.0,0.9930871956009426,0.9999987286819672,0.9999999305617769,773,264,0,18963,2fb21c6377ef14c06adcd334613802e6f0071ffdd6f0b631f5d62aa92bb01f23
ciciot2023,stationary,89,TinyDT,20000,0.98145,0.8276022304832713,0.9807722207825862,1.0,0.9902927863104738,0.999981927317959,0.9999989800102955,705,371,0,18924,4f616f7a50bba3537eb6326fb65a6fa2832c2de791755bfbd9fb42fe676d43e3
ciciot2023,stationary,89,LightLR,20000,0.9775,0.7908921933085502,0.9767729947352122,1.0,0.9882500391665361,0.999979962895998,0.9999988732473561,626,450,0,18924,4f616f7a50bba3537eb6326fb65a6fa2832c2de791755bfbd9fb42fe676d43e3
ciciot2023,stationary,89,MedRF,20000,0.9842,0.8531598513011153,0.9835758835758835,1.0,0.9917199454983754,0.9999979864674899,0.9999998854952337,760,316,0,18924,4f616f7a50bba3537eb6326fb65a6fa2832c2de791755bfbd9fb42fe676d43e3
ciciot2023,stationary,89,HeavyMLP,20000,0.98705,0.8796468401486989,0.9864984621800552,1.0,0.9932033484661611,0.9999988213468234,0.9999999330678268,817,259,0,18924,4f616f7a50bba3537eb6326fb65a6fa2832c2de791755bfbd9fb42fe676d43e3
ciciot2023,stationary,107,TinyDT,20000,0.9818,0.8292682926829269,0.9811379417556223,1.0,0.9904791797447164,0.9999998761373318,0.9999999888446421,702,364,0,18934,cb41e5e6d2aa29adfae19e6632536d924a85aa5b329f029c4e494f0601395af3
ciciot2023,stationary,107,LightLR,20000,0.97815,0.7950281425891181,0.9774405038459553,1.0,0.9885915676804594,0.9999970768410302,0.9999998357615493,629,437,0,18934,cb41e5e6d2aa29adfae19e6632536d924a85aa5b329f029c4e494f0601395af3
ciciot2023,stationary,107,MedRF,20000,0.9847,0.8564727954971858,0.984095634095634,1.0,0.9919840729292189,0.9999962841199538,0.9999997905371394,760,306,0,18934,cb41e5e6d2aa29adfae19e6632536d924a85aa5b329f029c4e494f0601395af3
ciciot2023,stationary,107,HeavyMLP,20000,0.9876,0.8836772983114447,0.9870712125951413,1.0,0.9934935460174205,0.9999986127381161,0.9999999219754583,818,248,0,18934,cb41e5e6d2aa29adfae19e6632536d924a85aa5b329f029c4e494f0601395af3
ciciot2023,stationary,131,TinyDT,20000,0.98085,0.8274774774774775,0.9801276397032117,1.0,0.9899641013547154,0.9990981452601357,0.9998940370375882,727,383,0,18890,b204164776110862b4d85421dd44e88a4fb4b92f81bd27e55e6d7ba7fa809cec
ciciot2023,stationary,131,LightLR,20000,0.97605,0.7846582156534512,0.9753188413280323,0.9999470619375331,0.9874794155317981,0.999943341965576,0.9999968434563127,632,478,1,18889,b204164776110862b4d85421dd44e88a4fb4b92f81bd27e55e6d7ba7fa809cec
ciciot2023,stationary,131,MedRF,20000,0.9832,0.8486486486486486,0.9825236658691355,1.0,0.9911848042816664,0.9999969954072654,0.999999823462774,774,336,0,18890,b204164776110862b4d85421dd44e88a4fb4b92f81bd27e55e6d7ba7fa809cec
ciciot2023,stationary,131,HeavyMLP,20000,0.986,0.8738738738738738,0.9853938445487741,1.0,0.9926431949553337,0.9999991892368811,0.9999999523650719,830,280,0,18890,b204164776110862b4d85421dd44e88a4fb4b92f81bd27e55e6d7ba7fa809cec
ciciot2023,stationary,157,TinyDT,20000,0.97895,0.8163176265270506,0.9781582360570688,1.0,0.988958535497915,0.9995626121990769,0.9999468793110879,725,421,0,18854,d34e0b8fd963ea1b07b3b74e8566fdef4e49b738894893aa9dc35404d9a94f33
ciciot2023,stationary,157,LightLR,20000,0.97425,0.775305410122164,0.9734111208632351,1.0,0.9865264369620386,0.9999887071981984,0.9999993172587515,631,515,0,18854,d34e0b8fd963ea1b07b3b74e8566fdef4e49b738894893aa9dc35404d9a94f33
ciciot2023,stationary,157,MedRF,20000,0.9817,0.8403141361256545,0.9809573361082206,1.0,0.9903871408310133,0.9999966214158544,0.9999997944308291,780,366,0,18854,d34e0b8fd963ea1b07b3b74e8566fdef4e49b738894893aa9dc35404d9a94f33
ciciot2023,stationary,157,HeavyMLP,20000,0.98545,0.8730366492146597,0.984800208931836,1.0,0.9923419037343088,0.9999990743605081,0.9999999437502615,855,291,0,18854,d34e0b8fd963ea1b07b3b74e8566fdef4e49b738894893aa9dc35404d9a94f33
ciciot2023,stationary,191,TinyDT,20000,0.98185,0.8292568203198495,0.9811917098445596,1.0,0.9905065773988545,0.9995288879584934,0.9999471124802529,700,363,0,18937,1a39daaec9c6d50e3e89bbeedf6191778346236884cc707e18df41bf614abb06
ciciot2023,stationary,191,LightLR,20000,0.9775,0.7883349012229539,0.9767885696600815,1.0,0.9882580106460703,0.9999996025838211,0.9999999776967929,613,450,0,18937,1a39daaec9c6d50e3e89bbeedf6191778346236884cc707e18df41bf614abb06
ciciot2023,stationary,191,MedRF,20000,0.9844,0.8532455315145814,0.9837913657852356,1.0,0.9918294662965484,0.9999979135650611,0.9999998828750615,751,312,0,18937,1a39daaec9c6d50e3e89bbeedf6191778346236884cc707e18df41bf614abb06
ciciot2023,stationary,191,HeavyMLP,20000,0.98725,0.8800564440263405,0.9867132138390996,1.0,0.9933121770830602,0.9999979632420835,0.9999998855615757,808,255,0,18937,1a39daaec9c6d50e3e89bbeedf6191778346236884cc707e18df41bf614abb06
ciciot2023,drift,11,TinyDT,50000,0.77692,0.8299695121951219,0.6066163504267476,1.0,0.7551477367519867,0.9996106086925696,0.9986176670168201,21646,11154,0,17200,198ebf220c19352b285dbfa18a37f38d08500427384acd46ea39d23d7f6d3c58
ciciot2023,drift,11,LightLR,50000,0.71886,0.7857164634146341,0.5502767380106856,1.0,0.709907753265782,0.9999969175411231,0.999994334794043,18743,14057,0,17200,198ebf220c19352b285dbfa18a37f38d08500427384acd46ea39d23d7f6d3c58
ciciot2023,drift,11,MedRF,50000,0.80388,0.8505182926829269,0.6368955047026587,1.0,0.7781749083834774,0.9999970168037436,0.9999943543878176,22994,9806,0,17200,198ebf220c19352b285dbfa18a37f38d08500427384acd46ea39d23d7f6d3c58
ciciot2023,drift,11,HeavyMLP,50000,0.8394,0.8775914634146341,0.6817281014665081,1.0,0.8107471128918218,0.9999965328984686,0.9999936474176244,24770,8030,0,17200,198ebf220c19352b285dbfa18a37f38d08500427384acd46ea39d23d7f6d3c58
ciciot2023,drift,23,TinyDT,50000,0.77628,0.8294817073170732,0.6059325019375749,1.0,0.7546176457684377,0.999564564130743,0.9984433995245984,21614,11186,0,17200,9489b0ce016b1de6e3ad9a6497a3482c3655bf8f408073b3e07d22294be2f3d3
ciciot2023,drift,23,LightLR,50000,0.72058,0.7870136131593874,0.5517982610927524,0.9999418604651162,0.7111579730819326,0.999932003332388,0.9999451667879227,18830,13970,1,17199,9489b0ce016b1de6e3ad9a6497a3482c3655bf8f408073b3e07d22294be2f3d3
ciciot2023,drift,23,MedRF,50000,0.80356,0.8502743902439025,0.6365183924209903,1.0,0.7778933562480214,0.9999975716108904,0.9999953957327543,22978,9822,0,17200,9489b0ce016b1de6e3ad9a6497a3482c3655bf8f408073b3e07d22294be2f3d3
ciciot2023,drift,23,HeavyMLP,50000,0.83632,0.8752439024390244,0.6775921840529467,1.0,0.8078151418373097,0.9999956439662507,0.9999919891486417,24616,8184,0,17200,9489b0ce016b1de6e3ad9a6497a3482c3655bf8f408073b3e07d22294be2f3d3
ciciot2023,drift,37,TinyDT,50000,0.77482,0.8283689024390244,0.6043782283284725,1.0,0.7534111566175343,0.9997509385635281,0.9991030226040729,21541,11259,0,17200,f7881829a914c302d5ee70377153a81175963c12b86b114dc32c51a728d0928d
ciciot2023,drift,37,LightLR,50000,0.72154,0.7877591463414635,0.5526459531536163,1.0,0.7118763321813629,0.9999880707600681,0.9999800411151999,18877,13923,0,17200,f7881829a914c302d5ee70377153a81175963c12b86b114dc32c51a728d0928d
ciciot2023,drift,37,MedRF,50000,0.80464,0.8510975609756097,0.6377929397804806,1.0,0.7788444122441587,0.9999977417753829,0.999995708746273,23032,9768,0,17200,f7881829a914c302d5ee70377153a81175963c12b86b114dc32c51a728d0928d
ciciot2023,drift,37,HeavyMLP,50000,0.83848,0.8768902439024391,0.6804874188953949,1.0,0.8098691025520294,0.9999969086783891,0.9999942472495653,24724,8076,0,17200,f7881829a914c302d5ee70377153a81175963c12b86b114dc32c51a728d0928d
ciciot2023,drift,53,TinyDT,50000,0.77518,0.8286432926829268,0.6047607327449809,1.0,0.7537082886001621,0.9997819643363585,0.9992209396465201,21559,11241,0,17200,1b31541e94905e5e042141fa7ac1a96af44afaf248571f3081084ef484d568fd
ciciot2023,drift,53,LightLR,50000,0.71816,0.7851829268292683,0.5496612552729132,1.0,0.7093953641837829,0.9999919331395349,0.9999867834717373,18708,14092,0,17200,1b31541e94905e5e042141fa7ac1a96af44afaf248571f3081084ef484d568fd
ciciot2023,drift,53,MedRF,50000,0.80278,0.8496798780487804,0.6356010494808026,1.0,0.7772079257133819,0.9999968005530346,0.9999939559013833,22939,9861,0,17200,1b31541e94905e5e042141fa7ac1a96af44afaf248571f3081084ef484d568fd
ciciot2023,drift,53,HeavyMLP,50000,0.83772,0.876310975609756,0.6794659081930947,1.0,0.8091452227501529,0.999997463485536,0.9999952900762705,24686,8114,0,17200,1b31541e94905e5e042141fa7ac1a96af44afaf248571f3081084ef484d568fd
ciciot2023,drift,71,TinyDT,50000,0.7778,0.830640243902439,0.6075591663723066,1.0,0.7558778290485607,0.9997666938457175,0.9991621350276156,21690,11110,0,17200,aaa1e9f09e3f791db3d2af055af857c2a359d8465596d856b6ff6ec70eef98e4
ciciot2023,drift,71,LightLR,50000,0.72408,0.7896812960862167,0.5549138542943796,0.9999418604651162,0.7137402996223596,0.9999306508791832,0.9999430731608455,19005,13795,1,17199,aaa1e9f09e3f791db3d2af055af857c2a359d8465596d856b6ff6ec70eef98e4
ciciot2023,drift,71,MedRF,50000,0.80378,0.8504420731707317,0.6367776091222095,1.0,0.7780869014498654,0.9999962936046511,0.9999929857806912,22989,9811,0,17200,aaa1e9f09e3f791db3d2af055af857c2a359d8465596d856b6ff6ec70eef98e4
ciciot2023,drift,71,HeavyMLP,50000,0.83876,0.8771036585365853,0.6808645396247328,1.0,0.810136121708822,0.9999969600822461,0.9999943604377374,24738,8062,0,17200,aaa1e9f09e3f791db3d2af055af857c2a359d8465596d856b6ff6ec70eef98e4
ciciot2023,drift,89,TinyDT,50000,0.7756,0.8289634146341464,0.6052076002814919,1.0,0.7540552389302937,0.999709876630743,0.9988950002399856,21580,11220,0,17200,9b3a816c436d10e37ca2e6f382dc26557213625a88210ebbeb3ae033cd69c4fb
ciciot2023,drift,89,LightLR,50000,0.72094,0.7873018292682927,0.5521137611144994,1.0,0.711434657622071,0.9999961518009075,0.9999932497416382,18847,13953,0,17200,9b3a816c436d10e37ca2e6f382dc26557213625a88210ebbeb3ae033cd69c4fb
ciciot2023,drift,89,MedRF,50000,0.8057,0.8519054878048781,0.6390488575143972,1.0,0.7797801201405418,0.9999977701361316,0.9999957723278065,23085,9715,0,17200,9b3a816c436d10e37ca2e6f382dc26557213625a88210ebbeb3ae033cd69c4fb
ciciot2023,drift,89,HeavyMLP,50000,0.8399,0.8779725609756097,0.6824042848641143,1.0,0.8112250913807334,0.9999986413428814,0.9999973962595526,24795,8005,0,17200,9b3a816c436d10e37ca2e6f382dc26557213625a88210ebbeb3ae033cd69c4fb
ciciot2023,drift,107,TinyDT,50000,0.77608,0.8293292682926829,0.6057191153683618,1.0,0.7544521449249935,0.9997513746100397,0.9991034734174252,21604,11196,0,17200,38b9bdbc23b687e0e4d57b4867b5ead7e82311422b4e6231e3c0b3f0d9fc748f
ciciot2023,drift,107,LightLR,50000,0.71762,0.7847713414634147,0.5491873942335324,1.0,0.7090005977039923,0.9999945494186047,0.9999903592685443,18681,14119,0,17200,38b9bdbc23b687e0e4d57b4867b5ead7e82311422b4e6231e3c0b3f0d9fc748f
ciciot2023,drift,107,MedRF,50000,0.80282,0.8497103658536586,0.6356480283824236,1.0,0.7772430466119885,0.9999967278786159,0.9999938057551536,22941,9859,0,17200,38b9bdbc23b687e0e4d57b4867b5ead7e82311422b4e6231e3c0b3f0d9fc748f
ciciot2023,drift,107,HeavyMLP,50000,0.8366,0.8754573170731708,0.6779661016949152,1.0,0.8080808080808081,0.9999977541832105,0.9999958655910725,24630,8170,0,17200,38b9bdbc23b687e0e4d57b4867b5ead7e82311422b4e6231e3c0b3f0d9fc748f
ciciot2023,drift,131,TinyDT,50000,0.77614,0.829375,0.6057831155566513,1.0,0.7545017875551071,0.9997711810479296,0.9991281476518953,21607,11193,0,17200,2673e3f1dd0395796b7125ce30a38147da7a1424f6f2ae6afb10e177c84b21b4
ciciot2023,drift,131,LightLR,50000,0.7205,0.7869664634146342,0.5517241379310345,1.0,0.7111111111111111,0.9999996827141238,0.9999993964719572,18825,13975,0,17200,2673e3f1dd0395796b7125ce30a38147da7a1424f6f2ae6afb10e177c84b21b4
ciciot2023,drift,131,MedRF,50000,0.80314,0.849954268292683,0.6360241097511371,1.0,0.7775241281106616,0.9999976956891663,0.9999956097011999,22957,9843,0,17200,2673e3f1dd0395796b7125ce30a38147da7a1424f6f2ae6afb10e177c84b21b4
ciciot2023,drift,131,HeavyMLP,50000,0.8386,0.8769817073170731,0.6806489908982983,1.0,0.8099835177772545,0.9999992032402155,0.9999984615114269,24730,8070,0,17200,2673e3f1dd0395796b7125ce30a38147da7a1424f6f2ae6afb10e177c84b21b4
ciciot2023,drift,157,TinyDT,50000,0.77496,0.8284756097560976,0.6045269225362013,1.0,0.7535266801016385,0.9998279388825866,0.9993952969842909,21548,11252,0,17200,ccc2d70c6fa9dcbe869c4a966e62911b4784e52f0941672fcb2da4e7db4359a8
ciciot2023,drift,157,LightLR,50000,0.71616,0.783644710720363,0.5479133482000638,0.9999418604651162,0.7079234410372505,0.9999397812677255,0.9999577609658621,18609,14191,1,17199,ccc2d70c6fa9dcbe869c4a966e62911b4784e52f0941672fcb2da4e7db4359a8
ciciot2023,drift,157,MedRF,50000,0.80268,0.8496036585365854,0.6354836326017882,1.0,0.7771201373514661,0.9999987521270562,0.9999976214768816,22934,9866,0,17200,ccc2d70c6fa9dcbe869c4a966e62911b4784e52f0941672fcb2da4e7db4359a8
ciciot2023,drift,157,HeavyMLP,50000,0.8373,0.8759908536585366,0.6789027037694888,1.0,0.8087457388033384,0.9999975042541123,0.9999954022782402,24665,8135,0,17200,ccc2d70c6fa9dcbe869c4a966e62911b4784e52f0941672fcb2da4e7db4359a8
ciciot2023,drift,191,TinyDT,50000,0.77356,0.8274085365853658,0.6030432648481874,1.0,0.7523730370499978,0.9996792009359048,0.9987783890307813,21478,11322,0,17200,7a86a31dfde47d38f2d0bb58138a69a4447616eaf29f217e2ec274c6457508fa
ciciot2023,drift,191,LightLR,50000,0.71672,0.7840715399886558,0.5484025253491487,0.9999418604651162,0.7083316173139492,0.9999379732699942,0.9999548039350256,18637,14163,1,17199,7a86a31dfde47d38f2d0bb58138a69a4447616eaf29f217e2ec274c6457508fa
ciciot2023,drift,191,MedRF,50000,0.8014,0.8486280487804878,0.633984518982676,1.0,0.775998195353034,0.9999972046937039,0.999994697704877,22870,9930,0,17200,7a86a31dfde47d38f2d0bb58138a69a4447616eaf29f217e2ec274c6457508fa
ciciot2023,drift,191,HeavyMLP,50000,0.83306,0.8727591463414635,0.6732688769718558,1.0,0.804734835193113,0.9999979828417469,0.9999962651597111,24453,8347,0,17200,7a86a31dfde47d38f2d0bb58138a69a4447616eaf29f217e2ec274c6457508fa
n_baiot,stationary,11,TinyDT,20000,0.9971,0.9864624507221174,0.9969458018658374,0.9998329249276008,0.998387276165054,0.9885107687676639,0.997391228466765,1989,55,3,17953,2dfde0625f6a055ee1884dbd6bc256adebfe517b3f770832c4f7f3836d45393a
n_baiot,stationary,11,LightLR,20000,0.99695,0.9861621406360144,0.9968900982951074,0.9997215415460013,0.9983038122514807,0.9968171817258016,0.9995140360018804,1988,56,5,17951,2dfde0625f6a055ee1884dbd6bc256adebfe517b3f770832c4f7f3836d45393a
n_baiot,stationary,11,MedRF,20000,0.9996,0.9986933704872838,0.9997215725581914,0.9998329249276008,0.9997772456423679,0.9999956133257246,0.9999995019801668,2039,5,3,17953,2dfde0625f6a055ee1884dbd6bc256adebfe517b3f770832c4f7f3836d45393a
n_baiot,stationary,11,HeavyMLP,20000,0.9959,0.9803748366849341,0.9955639347898414,0.9998886166184006,0.9977215893303696,0.9942352152184138,0.9987324219109389,1964,80,2,17954,2dfde0625f6a055ee1884dbd6bc256adebfe517b3f770832c4f7f3836d45393a
n_baiot,stationary,23,TinyDT,20000,0.9974,0.9872730066838028,0.9971732623877619,0.9999444197421076,0.9985569184658933,0.9895212807064316,0.9976671686575205,1957,51,1,17991,6e6970f0782d426ae73ff7b9bb707ead48a7e3780463321d31b721e7db50ec50
n_baiot,stationary,23,LightLR,20000,0.99715,0.9871340560390718,0.9971724787935909,0.9996665184526456,0.9984179411030003,0.9955218034044347,0.9992812777694627,1957,51,6,17986,6e6970f0782d426ae73ff7b9bb707ead48a7e3780463321d31b721e7db50ec50
n_baiot,stationary,23,MedRF,20000,0.9994,0.9978968076117052,0.9995554567681707,0.9997776789684304,0.9996665555185061,0.9999928863912956,0.9999992092651177,2000,8,4,17988,6e6970f0782d426ae73ff7b9bb707ead48a7e3780463321d31b721e7db50ec50
n_baiot,stationary,23,HeavyMLP,20000,0.99585,0.9804387385982969,0.9956822585109327,0.999722098710538,0.9976980891366447,0.9941810404004259,0.9987349831246799,1930,78,5,17987,6e6970f0782d426ae73ff7b9bb707ead48a7e3780463321d31b721e7db50ec50
n_baiot,stationary,37,TinyDT,20000,0.99705,0.9855287338544064,0.9968469963491536,0.9998890306830162,0.9983656962411014,0.9883441522804377,0.9974500739461976,1920,57,2,18021,8b5263f43bb5891a5b2b732b86a4db8afb09f2f1a0dbc02285293711eecda4e4
n_baiot,stationary,37,LightLR,20000,0.99725,0.9867655337608712,0.9971226206285967,0.9998335460245242,0.9984762432469871,0.9961878503416264,0.9994396101559262,1925,52,3,18020,8b5263f43bb5891a5b2b732b86a4db8afb09f2f1a0dbc02285293711eecda4e4
n_baiot,stationary,37,MedRF,20000,0.99955,0.9981741562115132,0.9996117151098292,0.9998890306830162,0.9997503536656404,0.9999980354445652,0.9999997850383301,1970,7,2,18021,8b5263f43bb5891a5b2b732b86a4db8afb09f2f1a0dbc02285293711eecda4e4
n_baiot,stationary,37,HeavyMLP,20000,0.996,0.9799924903465254,0.9956356002430805,0.9999445153415081,0.9977854058243827,0.9944303590497288,0.9988459062416923,1898,79,1,18022,8b5263f43bb5891a5b2b732b86a4db8afb09f2f1a0dbc02285293711eecda4e4
n_baiot,stationary,53,TinyDT,20000,0.99665,0.984083613466815,0.9965127864496844,0.9997778641639362,0.9981426551714578,0.9864567219231881,0.9970151765311499,1930,63,4,18003,2f411188f167b52633df0dde20810e2ab2052dd02eb6076e22813a9d27948335
n_baiot,stationary,53,LightLR,20000,0.99715,0.9859230609181338,0.9968995681541357,0.9999444660409841,0.998419695583465,0.9961534304368617,0.9993871175681645,1937,56,1,18006,2f411188f167b52633df0dde20810e2ab2052dd02eb6076e22813a9d27948335
n_baiot,stationary,53,MedRF,20000,0.99965,0.9984669645809536,0.9996668887408394,0.9999444660409841,0.9998056581248785,0.9999996656259366,0.9999999630001416,1987,6,1,18006,2f411188f167b52633df0dde20810e2ab2052dd02eb6076e22813a9d27948335
n_baiot,stationary,53,HeavyMLP,20000,0.9958,0.9789262418464626,0.9953568072522249,1.0,0.9976730012743088,0.9939098779977714,0.9986846548586733,1909,84,0,18007,2f411188f167b52633df0dde20810e2ab2052dd02eb6076e22813a9d27948335
n_baiot,stationary,71,TinyDT,20000,0.9976,0.9884731073122972,0.997449969510505,0.9998888580161156,0.9986679247377477,0.9895019605750837,0.9976848082225777,1959,46,2,17993,ded54663fdf82eabf13c27f1b232379c34645ca287f7f5d62aec3b6caea4f916
n_baiot,stationary,71,LightLR,20000,0.9969,0.9854250176171131,0.9967865255692836,0.9997777160322312,0.9982798801464876,0.9960934978474902,0.9994781362031278,1947,58,4,17991,ded54663fdf82eabf13c27f1b232379c34645ca287f7f5d62aec3b6caea4f916
n_baiot,stationary,71,MedRF,20000,0.99945,0.9979216310432588,0.9995555555555555,0.9998332870241734,0.9996944020002778,0.9999962583122632,0.9999995840548919,1997,8,3,17992,ded54663fdf82eabf13c27f1b232379c34645ca287f7f5d62aec3b6caea4f916
n_baiot,stationary,71,HeavyMLP,20000,0.9959,0.9799943043197785,0.9955735074420407,0.9998888580161156,0.9977265165797937,0.994498707385468,0.9988086524612297,1925,80,2,17993,ded54663fdf82eabf13c27f1b232379c34645ca287f7f5d62aec3b6caea4f916
n_baiot,stationary,89,TinyDT,20000,0.9973,0.9873549511912301,0.9971694971694972,0.9998330550918197,0.9984994998332778,0.9883747406048944,0.9973959788379887,1979,51,3,17967,9142c7f1008816b7b37adb787c625e6f4b862a34f0c947adb3fd967dd97a92a2
n_baiot,stationary,89,LightLR,20000,0.997,0.9860955999462706,0.9968926867162358,0.9997774067890929,0.9983329628806401,0.9958275697591223,0.9993190693116111,1974,56,4,17966,9142c7f1008816b7b37adb787c625e6f4b862a34f0c947adb3fd967dd97a92a2
n_baiot,stationary,89,MedRF,20000,0.9997,0.999396092557108,0.9998886910062333,0.9997774067890929,0.9998330458011019,0.9999956961657497,0.9999995165629371,2028,2,4,17966,9142c7f1008816b7b37adb787c625e6f4b862a34f0c947adb3fd967dd97a92a2
n_baiot,stationary,89,HeavyMLP,20000,0.9957,0.9790362152575036,0.995291902071563,0.9999443516972732,0.9976127026426826,0.9931322730001563,0.9984812080602526,1945,85,1,17969,9142c7f1008816b7b37adb787c625e6f4b862a34f0c947adb3fd967dd97a92a2
n_baiot,stationary,107,TinyDT,20000,0.99695,0.9860143303971273,0.9969544271554349,0.9996668517490284,0.9983087970279187,0.989896553840831,0.9977738254401928,1935,55,6,18004,9ee9ba757dedd328935b5bfc7da83029e2206f824c41d3f37ef5cde134ed79a7
n_baiot,stationary,107,LightLR,20000,0.99665,0.984506792708685,0.9966233047329089,0.9996668517490284,0.9981427581427581,0.9965024455983414,0.9994826831966714,1929,61,6,18004,9ee9ba757dedd328935b5bfc7da83029e2206f824c41d3f37ef5cde134ed79a7
n_baiot,stationary,107,MedRF,20000,0.99935,0.9978511379775055,0.9995558763115527,0.9997223764575236,0.9996391194514616,0.9999933035527442,0.9999992632751028,1982,8,5,18005,9ee9ba757dedd328935b5bfc7da83029e2206f824c41d3f37ef5cde134ed79a7
n_baiot,stationary,107,HeavyMLP,20000,0.99605,0.9803742476960036,0.9956875103665617,0.9999444752915048,0.9978114524752749,0.9939570841436499,0.99871986575279,1912,78,1,18009,9ee9ba757dedd328935b5bfc7da83029e2206f824c41d3f37ef5cde134ed79a7
n_baiot,stationary,131,TinyDT,20000,0.99705,0.9866354119406496,0.9969403649310191,0.9997768479776848,0.9983565917383916,0.9874175463359713,0.9971020973378439,2020,55,4,17921,8d2843134e3429667796e66bea71ef2b6272d8051c54e0eb8e87df2f6a1e1b9b
n_baiot,stationary,131,LightLR,20000,0.99715,0.9869042697988607,0.996995994659546,0.9998326359832636,0.9984123004930224,0.9960618641931744,0.9993885663116383,2021,54,3,17922,8d2843134e3429667796e66bea71ef2b6272d8051c54e0eb8e87df2f6a1e1b9b
n_baiot,stationary,131,MedRF,20000,0.99945,0.9979886071482582,0.9995538204127161,0.9998326359832636,0.9996932087574955,0.9999948648149082,0.9999994084736015,2067,8,3,17922,8d2843134e3429667796e66bea71ef2b6272d8051c54e0eb8e87df2f6a1e1b9b
n_baiot,stationary,131,HeavyMLP,20000,0.9962,0.9818998168405841,0.9958331018389911,0.9999442119944212,0.9978844226700813,0.994556596259515,0.9987603862050324,2000,75,1,17924,8d2843134e3429667796e66bea71ef2b6272d8051c54e0eb8e87df2f6a1e1b9b
n_baiot,stationary,157,TinyDT,20000,0.99725,0.9873669883498519,0.997046366473473,0.9998882244453138,0.9984652733208695,0.9888474839532185,0.997380529017708,2054,53,2,17891,d9d5a7d363ac130e99bc6aa301f608ac1d2467824afc656bc06ae32e8e3cbb8a
n_baiot,stationary,157,LightLR,20000,0.99705,0.9866271317891349,0.9968795274713028,0.9998323366679707,0.9983537487095064,0.9970860240212406,0.9995971805298834,2051,56,3,17890,d9d5a7d363ac130e99bc6aa301f608ac1d2467824afc656bc06ae32e8e3cbb8a
n_baiot,stationary,157,MedRF,20000,0.99965,0.9985482307672373,0.999664767013074,0.9999441122226569,0.9998044201056131,0.9999992042556619,0.9999999064038937,2101,6,1,17892,d9d5a7d363ac130e99bc6aa301f608ac1d2467824afc656bc06ae32e8e3cbb8a
n_baiot,stationary,157,HeavyMLP,20000,0.9953,0.9781121236132597,0.9948840571651004,0.9998882244453138,0.997379863975917,0.9957492796325443,0.9990560936012222,2015,92,2,17891,d9d5a7d363ac130e99bc6aa301f608ac1d2467824afc656bc06ae32e8e3cbb8a
n_baiot,stationary,191,TinyDT,20000,0.99745,0.987542745481192,0.9971672961564096,1.0,0.9985816391801319,0.990235291406147,0.9977948637275237,1996,51,0,17953,7d03d87010c886334bcd6a136ae66f2d6e36d811676d024d4de2f1f6164c83fe
n_baiot,stationary,191,LightLR,20000,0.9972,0.9865378554125654,0.9969456322541234,0.9999442990029521,0.9984427141268075,0.9957686562081401,0.9993022457617914,1992,55,1,17952,7d03d87010c886334bcd6a136ae66f2d6e36d811676d024d4de2f1f6164c83fe
n_baiot,stationary,191,MedRF,20000,0.99975,0.9987787005373718,0.9997215725581914,1.0,0.9998607668959372,0.9999999727889609,0.9999999968975717,2042,5,0,17953,7d03d87010c886334bcd6a136ae66f2d6e36d811676d024d4de2f1f6164c83fe
n_baiot,stationary,191,HeavyMLP,20000,0.9961,0.9809477283829995,0.9956741167988464,1.0,0.9978323699421965,0.9956265329508949,0.9990252548824512,1969,78,0,17953,7d03d87010c886334bcd6a136ae66f2d6e36d811676d024d4de2f1f6164c83fe
