dataset,scenario,seed,rows,unique_rows,windows,samples_per_window,replacement,trace_sha256,energy_measured,eligible_claim
ton_iot,stationary,11,20000,20000,200,100,False,1236ed0a468c37d33be09d4bdd22b5d8a0d2cb32130525668c4e90f5c3f14f02,False,held-out classifier predictions on controlled replay only; no adaptive scheduler or physical energy result
ton_iot,stationary,23,20000,20000,200,100,False,edc3ac9b9e63743ea773eb241b0306d7fa8273ce8c919b5c728f2cce5db8ac95,False,held-out classifier predictions on controlled replay only; no adaptive scheduler or physical energy result
ton_iot,stationary,37,20000,20000,200,100,False,5e0ff20f084de89152b3e48a2f00554e2b71c393999c66515fb7b24f8cb63193,False,held-out classifier predictions on controlled replay only; no adaptive scheduler or physical energy result
ton_iot,stationary,53,20000,20000,200,100,False,4159aea5d061dc9186d53e660363a7f27c5cdf5a27a6ddd0d8b715a1640ef852,False,held-out classifier predictions on controlled replay only; no adaptive scheduler or physical energy result
ton_iot,stationary,71,20000,20000,200,100,False,e6fb4a96b33811d21a531538530911687e31111440eabeb33626961d8e38a79e,False,held-out classifier predictions on controlled replay only; no adaptive scheduler or physical energy result
ton_iot,stationary,89,20000,20000,200,100,False,be653585e608d6fb94936159dfb62ad51d9f9dd04b3f4d0026c7188d2d11a632,False,held-out classifier predictions on controlled replay only; no adaptive scheduler or physical energy result
ton_iot,stationary,107,20000,20000,200,100,False,3b3d0af082ce2900e89201369c41bbfaa99e9cc3699605fbf239d8d35784ec98,False,held-out classifier predictions on controlled replay only; no adaptive scheduler or physical energy result
ton_iot,stationary,131,20000,20000,200,100,False,5608f466190713a4c3fe5baf8334d438f574f674533f15a10d36fd3af78e6ff4,False,held-out classifier predictions on controlled replay only; no adaptive scheduler or physical energy result
ton_iot,stationary,157,20000,20000,200,100,False,852135ccd5bb35726abb3f54cbb8260a81f08a2fc5e106e3d05980df4889c552,False,held-out classifier predictions on controlled replay only; no adaptive scheduler or physical energy result
ton_iot,stationary,191,20000,20000,200,100,False,9556c4c172889bdb77cbd45c576171dc2afb964144e83db378d51d372343a1df,False,held-out classifier predictions on controlled replay only; no adaptive scheduler or physical energy result
ton_iot,drift,11,50000,19747,500,100,,5ed9a96ef127ae986f17b76160fd4090578a54a733acd06a421ccf355bddeb7e,False,held-out classifier predictions on controlled replay only; no adaptive scheduler or physical energy result
ton_iot,drift,23,50000,19805,500,100,,f9cd7aed9015912ba904cfba09b11dfc10a68449324cb8ac164c609851790113,False,held-out classifier predictions on controlled replay only; no adaptive scheduler or physical energy result
ton_iot,drift,37,50000,19737,500,100,,adf27ea882a171dd67851274df03d1ed3bb480aa3463b6ba575964c2b0a2d6a1,False,held-out classifier predictions on controlled replay only; no adaptive scheduler or physical energy result
ton_iot,drift,53,50000,19716,500,100,,6c94334b6f0829014c1a36a436ec161ba5fa1926be4cfa075b53258f23e24943,False,held-out classifier predictions on controlled replay only; no adaptive scheduler or physical energy result
ton_iot,drift,71,50000,19746,500,100,,c1a4a42af6f6b8340fff0568233488f9eaf6c007e31ee5e1d2c290553419bada,False,held-out classifier predictions on controlled replay only; no adaptive scheduler or physical energy result
ton_iot,drift,89,50000,19791,500,100,,d527039db6b90f2a26bbd6d3f67ee8788b47a808691668347de1ea9ba1c9e685,False,held-out classifier predictions on controlled replay only; no adaptive scheduler or physical energy result
ton_iot,drift,107,50000,19731,500,100,,741c9432080f92e9b60dc7275442f31bdd2587888e353cd254941e8654ed1e1c,False,held-out classifier predictions on controlled replay only; no adaptive scheduler or physical energy result
ton_iot,drift,131,50000,19794,500,100,,15d066c5345638a5c93c237b05715cf23a2e5baea91217c6f45a96e449b45af5,False,held-out classifier predictions on controlled replay only; no adaptive scheduler or physical energy result
ton_iot,drift,157,50000,19749,500,100,,8db461cd292378a83bb927edf481df4fe6b9de555cf56a7086258e05eb896c17,False,held-out classifier predictions on controlled replay only; no adaptive scheduler or physical energy result
ton_iot,drift,191,50000,19757,500,100,,76defdf562db614e2c913118cb5ca0648a39e61e7e3119a04dbb5d174ecf0e2a,False,held-out classifier predictions on controlled replay only; no adaptive scheduler or physical energy result
ciciot2023,stationary,11,20000,20000,200,100,False,292d1f8697e030530fbc6e76a8803e5f44976d8745e2e030517283451935c9b2,False,held-out classifier predictions on controlled replay only; no adaptive scheduler or physical energy result
ciciot2023,stationary,23,20000,20000,200,100,False,01a9fa0f8625fc8cbb3081363dbd136fe1b70ca5664e0971185d2e253d257f66,False,held-out classifier predictions on controlled replay only; no adaptive scheduler or physical energy result
ciciot2023,stationary,37,20000,20000,200,100,False,986f8b6e142a4415030e669b6e01e4440e7169ea059489ee50973fc6378607f4,False,held-out classifier predictions on controlled replay only; no adaptive scheduler or physical energy result
ciciot2023,stationary,53,20000,20000,200,100,False,9155e35b65975a09b76c08832e7c95ee0810fa208d067013a338108344eb7657,False,held-out classifier predictions on controlled replay only; no adaptive scheduler or physical energy result
ciciot2023,stationary,71,20000,20000,200,100,False,2fb21c6377ef14c06adcd334613802e6f0071ffdd6f0b631f5d62aa92bb01f23,False,held-out classifier predictions on controlled replay only; no adaptive scheduler or physical energy result
ciciot2023,stationary,89,20000,20000,200,100,False,4f616f7a50bba3537eb6326fb65a6fa2832c2de791755bfbd9fb42fe676d43e3,False,held-out classifier predictions on controlled replay only; no adaptive scheduler or physical energy result
ciciot2023,stationary,107,20000,20000,200,100,False,cb41e5e6d2aa29adfae19e6632536d924a85aa5b329f029c4e494f0601395af3,False,held-out classifier predictions on controlled replay only; no adaptive scheduler or physical energy result
ciciot2023,stationary,131,20000,20000,200,100,False,b204164776110862b4d85421dd44e88a4fb4b92f81bd27e55e6d7ba7fa809cec,False,held-out classifier predictions on controlled replay only; no adaptive scheduler or physical energy result
ciciot2023,stationary,157,20000,20000,200,100,False,d34e0b8fd963ea1b07b3b74e8566fdef4e49b738894893aa9dc35404d9a94f33,False,held-out classifier predictions on controlled replay only; no adaptive scheduler or physical energy result
ciciot2023,stationary,191,20000,20000,200,100,False,1a39daaec9c6d50e3e89bbeedf6191778346236884cc707e18df41bf614abb06,False,held-out classifier predictions on controlled replay only; no adaptive scheduler or physical energy result
ciciot2023,drift,11,50000,21027,500,100,,198ebf220c19352b285dbfa18a37f38d08500427384acd46ea39d23d7f6d3c58,False,held-out classifier predictions on controlled replay only; no adaptive scheduler or physical energy result
ciciot2023,drift,23,50000,21026,500,100,,9489b0ce016b1de6e3ad9a6497a3482c3655bf8f408073b3e07d22294be2f3d3,False,held-out classifier predictions on controlled replay only; no adaptive scheduler or physical energy result
ciciot2023,drift,37,50000,21027,500,100,,f7881829a914c302d5ee70377153a81175963c12b86b114dc32c51a728d0928d,False,held-out classifier predictions on controlled replay only; no adaptive scheduler or physical energy result
ciciot2023,drift,53,50000,21027,500,100,,1b31541e94905e5e042141fa7ac1a96af44afaf248571f3081084ef484d568fd,False,held-out classifier predictions on controlled replay only; no adaptive scheduler or physical energy result
ciciot2023,drift,71,50000,21027,500,100,,aaa1e9f09e3f791db3d2af055af857c2a359d8465596d856b6ff6ec70eef98e4,False,held-out classifier predictions on controlled replay only; no adaptive scheduler or physical energy result
ciciot2023,drift,89,50000,21027,500,100,,9b3a816c436d10e37ca2e6f382dc26557213625a88210ebbeb3ae033cd69c4fb,False,held-out classifier predictions on controlled replay only; no adaptive scheduler or physical energy result
ciciot2023,drift,107,50000,21026,500,100,,38b9bdbc23b687e0e4d57b4867b5ead7e82311422b4e6231e3c0b3f0d9fc748f,False,held-out classifier predictions on controlled replay only; no adaptive scheduler or physical energy result
ciciot2023,drift,131,50000,21028,500,100,,2673e3f1dd0395796b7125ce30a38147da7a1424f6f2ae6afb10e177c84b21b4,False,held-out classifier predictions on controlled replay only; no adaptive scheduler or physical energy result
ciciot2023,drift,157,50000,21028,500,100,,ccc2d70c6fa9dcbe869c4a966e62911b4784e52f0941672fcb2da4e7db4359a8,False,held-out classifier predictions on controlled replay only; no adaptive scheduler or physical energy result
ciciot2023,drift,191,50000,21028,500,100,,7a86a31dfde47d38f2d0bb58138a69a4447616eaf29f217e2ec274c6457508fa,False,held-out classifier predictions on controlled replay only; no adaptive scheduler or physical energy result
n_baiot,stationary,11,20000,20000,200,100,False,2dfde0625f6a055ee1884dbd6bc256adebfe517b3f770832c4f7f3836d45393a,False,held-out classifier predictions on controlled replay only; no adaptive scheduler or physical energy result
n_baiot,stationary,23,20000,20000,200,100,False,6e6970f0782d426ae73ff7b9bb707ead48a7e3780463321d31b721e7db50ec50,False,held-out classifier predictions on controlled replay only; no adaptive scheduler or physical energy result
n_baiot,stationary,37,20000,20000,200,100,False,8b5263f43bb5891a5b2b732b86a4db8afb09f2f1a0dbc02285293711eecda4e4,False,held-out classifier predictions on controlled replay only; no adaptive scheduler or physical energy result
n_baiot,stationary,53,20000,20000,200,100,False,2f411188f167b52633df0dde20810e2ab2052dd02eb6076e22813a9d27948335,False,held-out classifier predictions on controlled replay only; no adaptive scheduler or physical energy result
n_baiot,stationary,71,20000,20000,200,100,False,ded54663fdf82eabf13c27f1b232379c34645ca287f7f5d62aec3b6caea4f916,False,held-out classifier predictions on controlled replay only; no adaptive scheduler or physical energy result
n_baiot,stationary,89,20000,20000,200,100,False,9142c7f1008816b7b37adb787c625e6f4b862a34f0c947adb3fd967dd97a92a2,False,held-out classifier predictions on controlled replay only; no adaptive scheduler or physical energy result
n_baiot,stationary,107,20000,20000,200,100,False,9ee9ba757dedd328935b5bfc7da83029e2206f824c41d3f37ef5cde134ed79a7,False,held-out classifier predictions on controlled replay only; no adaptive scheduler or physical energy result
n_baiot,stationary,131,20000,20000,200,100,False,8d2843134e3429667796e66bea71ef2b6272d8051c54e0eb8e87df2f6a1e1b9b,False,held-out classifier predictions on controlled replay only; no adaptive scheduler or physical energy result
n_baiot,stationary,157,20000,20000,200,100,False,d9d5a7d363ac130e99bc6aa301f608ac1d2467824afc656bc06ae32e8e3cbb8a,False,held-out classifier predictions on controlled replay only; no adaptive scheduler or physical energy result
n_baiot,stationary,191,20000,20000,200,100,False,7d03d87010c886334bcd6a136ae66f2d6e36d811676d024d4de2f1f6164c83fe,False,held-out classifier predictions on controlled replay only; no adaptive scheduler or physical energy result
