entry_id,dataset,model,device,model_artifact_sha256,preprocessor_sha256,pi_timing_input_sha256,physical_power_input_sha256,resident_input_bundle_sha256,batch_size_rows,physical_active_rows_per_second,physical_cadence,pi_timing_cadence,target_scheduler_residency_semantics,scheduler_residency_evidence_status,power_residency_semantics,pi_timing_residency_semantics,power_measurement_point,latency_measurement_point,power_evidence_status,power_aggregate_status,power_repeats,mean_watts,sd_watts,mean_watts_ci95_low,mean_watts_ci95_high,mean_energy_joules_30min,increment_vs_matched_idle_status,mean_increment_vs_matched_idle_watts,increment_sd_watts,increment_ci95_low,increment_ci95_high,scheduled_1hz_latency_status,scheduled_1hz_batch_ms_mean_of_run_medians,scheduled_1hz_batch_ms_sd_of_run_medians,scheduled_1hz_batch_ms_ci95_low,scheduled_1hz_batch_ms_ci95_high,tight_loop_latency_status,tight_loop_batch_ms_median,tight_loop_batch_ms_p95,tight_loop_timing_loops,scheduler_latency_applicability,energy_per_batch_status,switch_latency_status,first_batch_latency_status,temperature_observation_status,static_temperature_min_c,static_temperature_max_c,temperature_response_status,uncertainty
ton_iot/idle,ton_iot,idle,"Raspberry Pi 4 Model B Rev 1.5, 8 GB, aarch64",,473ccd54d23827da468f02c12e8766e8c7c795f11d04435477fc662f6f0e1c47,,c2fbc447d43d57cdbd1631b9a15cd6840f6b640643ad3a36b5a755e6335a14e7,804bac9db72b06fde88ecd439e6cf72739897038d7031f91b9efb87aecd82498,100,0,measured for 1800 seconds at 1 Hz with no inference calls; batch size 100 remained the configured active-profile unit,not measured for idle,all four TON models stay loaded; idle and action switches do not load or unload a model,measured,"TinyDT, LightLR, MedRF, and HeavyMLP were all loaded, parity-checked, and warmed; telemetry and control remained active, but no model was invoked inside each second",not applicable to idle,"POWER-Z KM003C at the Pi USB input/load side, sampled at 1 Hz; not AC-wall power",unmeasured for idle; no predict call was made,measured,derived,3,2.3354647303293112,0.008068798695891265,2.3154207231996247,2.355508737458998,4203.828548948106,derived,0.0,0.0,0.0,0.0,unmeasured,,,,,unmeasured,,,,unmeasured,unmeasured,unmeasured,unmeasured,measured,28.719,34.563,unmeasured,"Power: n=3 sequential instrumented-idle profiles, sample SD and two-sided Student-t 95% CI (df=2); single Pi and uncalibrated meter. No inference-latency uncertainty applies."
ton_iot/TinyDT,ton_iot,TinyDT,"Raspberry Pi 4 Model B Rev 1.5, 8 GB, aarch64",9941090e54203557d63b2f6117622bcba3535019796f7dfefb955293d085c2f2,473ccd54d23827da468f02c12e8766e8c7c795f11d04435477fc662f6f0e1c47,08232c16879ac49befd73d08a7aab3aa31846c6e85ae3f2caace0dda2948af4a,c2fbc447d43d57cdbd1631b9a15cd6840f6b640643ad3a36b5a755e6335a14e7,804bac9db72b06fde88ecd439e6cf72739897038d7031f91b9efb87aecd82498,100,100,measured: 1800 seconds; one successive 100-row encoded TON batch per second after all four models were loaded and warmed,measured in a tight loop: 20 warmups then 1000 consecutive 100-row encoded-input predict calls; no one-second pacing,all four dataset-specific models stay loaded; an action switch selects an already resident model and does not load or unload it,measured,"measured with TinyDT, LightLR, MedRF, and HeavyMLP all resident and warmed; only the named model was invoked each second",models were loaded and timed sequentially; the Pi timing report does not measure all-four-resident switching,"POWER-Z KM003C at the Pi USB input/load side, sampled at 1 Hz; not AC-wall power","inside the model predict call on the Pi CPU over an encoded in-memory 100-row batch; excludes preprocessing, file/network I/O, packet capture, feature extraction, and end-to-end IDS delay",measured,derived,3,2.353131742819268,0.004276089261664858,2.3425093482251844,2.363754137413352,4235.639493371906,derived,0.01766701248995739,0.01172429213507677,-0.011457743747383606,0.046791768727298386,derived,1.2979595000000002,0.007204170719104306,1.2800633478341594,1.3158556521658409,measured,0.2448475,0.3041795,1000,proxy,unmeasured,unmeasured,unmeasured,measured,29.206,37.972,unmeasured,"Power and matched-idle increment: n=3 sequential profiles, sample SD and two-sided Student-t 95% CI (df=2); single Pi and uncalibrated meter. Scheduled latency: same n=3 treatment of run medians. Tight-loop latency: empirical median/p95 from one 1000-call session only."
ton_iot/LightLR,ton_iot,LightLR,"Raspberry Pi 4 Model B Rev 1.5, 8 GB, aarch64",a6cafb1426058f0268dd9da065fa3848b95c0a5531b3ec5c1b65987e5ca5268f,473ccd54d23827da468f02c12e8766e8c7c795f11d04435477fc662f6f0e1c47,08232c16879ac49befd73d08a7aab3aa31846c6e85ae3f2caace0dda2948af4a,c2fbc447d43d57cdbd1631b9a15cd6840f6b640643ad3a36b5a755e6335a14e7,804bac9db72b06fde88ecd439e6cf72739897038d7031f91b9efb87aecd82498,100,100,measured: 1800 seconds; one successive 100-row encoded TON batch per second after all four models were loaded and warmed,measured in a tight loop: 20 warmups then 1000 consecutive 100-row encoded-input predict calls; no one-second pacing,all four dataset-specific models stay loaded; an action switch selects an already resident model and does not load or unload it,measured,"measured with TinyDT, LightLR, MedRF, and HeavyMLP all resident and warmed; only the named model was invoked each second",models were loaded and timed sequentially; the Pi timing report does not measure all-four-resident switching,"POWER-Z KM003C at the Pi USB input/load side, sampled at 1 Hz; not AC-wall power","inside the model predict call on the Pi CPU over an encoded in-memory 100-row batch; excludes preprocessing, file/network I/O, packet capture, feature extraction, and end-to-end IDS delay",measured,derived,3,2.347219335926574,0.0009322545098719117,2.344903487341571,2.349535184511577,4224.9967572229925,derived,0.01175460559726312,0.008433995381515652,-0.00919660039142105,0.03270581158594729,derived,1.5444198333333334,0.0018341417838687944,1.5398635725591685,1.5489760941074984,measured,0.330559,0.39766270000000004,1000,proxy,unmeasured,unmeasured,unmeasured,measured,29.206,35.05,unmeasured,"Power and matched-idle increment: n=3 sequential profiles, sample SD and two-sided Student-t 95% CI (df=2); single Pi and uncalibrated meter. Scheduled latency: same n=3 treatment of run medians. Tight-loop latency: empirical median/p95 from one 1000-call session only."
ton_iot/MedRF,ton_iot,MedRF,"Raspberry Pi 4 Model B Rev 1.5, 8 GB, aarch64",35bc9b8674c5ae3b7c163ab29d7fd3d3abfe61dfaa1d26323530f9d14a2b2688,473ccd54d23827da468f02c12e8766e8c7c795f11d04435477fc662f6f0e1c47,08232c16879ac49befd73d08a7aab3aa31846c6e85ae3f2caace0dda2948af4a,c2fbc447d43d57cdbd1631b9a15cd6840f6b640643ad3a36b5a755e6335a14e7,804bac9db72b06fde88ecd439e6cf72739897038d7031f91b9efb87aecd82498,100,100,measured: 1800 seconds; one successive 100-row encoded TON batch per second after all four models were loaded and warmed,measured in a tight loop: 20 warmups then 1000 consecutive 100-row encoded-input predict calls; no one-second pacing,all four dataset-specific models stay loaded; an action switch selects an already resident model and does not load or unload it,measured,"measured with TinyDT, LightLR, MedRF, and HeavyMLP all resident and warmed; only the named model was invoked each second",models were loaded and timed sequentially; the Pi timing report does not measure all-four-resident switching,"POWER-Z KM003C at the Pi USB input/load side, sampled at 1 Hz; not AC-wall power","inside the model predict call on the Pi CPU over an encoded in-memory 100-row batch; excludes preprocessing, file/network I/O, packet capture, feature extraction, and end-to-end IDS delay",measured,derived,3,2.3970255355431793,0.003806105706722535,2.3875706448218708,2.406480426264488,4314.6423854023815,derived,0.061560805213868676,0.01184469077589433,0.032136962172418834,0.09098464825531852,derived,30.952759333333333,0.21994504621173805,30.406385549506968,31.499133117159698,measured,26.2879565,27.407827,1000,proxy,unmeasured,unmeasured,unmeasured,measured,29.206,35.537,unmeasured,"Power and matched-idle increment: n=3 sequential profiles, sample SD and two-sided Student-t 95% CI (df=2); single Pi and uncalibrated meter. Scheduled latency: same n=3 treatment of run medians. Tight-loop latency: empirical median/p95 from one 1000-call session only."
ton_iot/HeavyMLP,ton_iot,HeavyMLP,"Raspberry Pi 4 Model B Rev 1.5, 8 GB, aarch64",2999008343be15af0374bc647af6764e010bebc841b953b0307a10ebbc26b8a0,473ccd54d23827da468f02c12e8766e8c7c795f11d04435477fc662f6f0e1c47,08232c16879ac49befd73d08a7aab3aa31846c6e85ae3f2caace0dda2948af4a,c2fbc447d43d57cdbd1631b9a15cd6840f6b640643ad3a36b5a755e6335a14e7,804bac9db72b06fde88ecd439e6cf72739897038d7031f91b9efb87aecd82498,100,100,measured: 1800 seconds; one successive 100-row encoded TON batch per second after all four models were loaded and warmed,measured in a tight loop: 20 warmups then 1000 consecutive 100-row encoded-input predict calls; no one-second pacing,all four dataset-specific models stay loaded; an action switch selects an already resident model and does not load or unload it,measured,"measured with TinyDT, LightLR, MedRF, and HeavyMLP all resident and warmed; only the named model was invoked each second",models were loaded and timed sequentially; the Pi timing report does not measure all-four-resident switching,"POWER-Z KM003C at the Pi USB input/load side, sampled at 1 Hz; not AC-wall power","inside the model predict call on the Pi CPU over an encoded in-memory 100-row batch; excludes preprocessing, file/network I/O, packet capture, feature extraction, and end-to-end IDS delay",measured,derived,3,2.3666875896596538,0.007230762951076654,2.348725378727529,2.3846498005917787,4260.039008073239,derived,0.031222859330343116,0.011443965733689906,0.002794472478310852,0.059651246182375384,derived,4.417835833333334,0.10612729217940729,4.154201024575299,4.681470642091369,measured,1.5922935,1.6725040999999998,1000,proxy,unmeasured,unmeasured,unmeasured,measured,29.206,36.511,unmeasured,"Power and matched-idle increment: n=3 sequential profiles, sample SD and two-sided Student-t 95% CI (df=2); single Pi and uncalibrated meter. Scheduled latency: same n=3 treatment of run medians. Tight-loop latency: empirical median/p95 from one 1000-call session only."
ciciot2023/TinyDT,ciciot2023,TinyDT,"Raspberry Pi 4 Model B Rev 1.5, 8 GB, aarch64",5196720e2ca9d91f5eea702e8e3619121aaaacfcc95748c149e775dd0ee240ec,562ae93cf3dd03bfe09c82262fe6c78142b08cf5c3e31f19ecd4251464371bb3,90cf2cf9b516e6786c475ed60a8821c78205370ba9288edfa49bcf6aba856b40,,,100,,unmeasured for this dataset,measured in a tight loop: 20 warmups then 1000 consecutive 100-row encoded-input predict calls; no one-second pacing,all four dataset-specific models stay loaded; an action switch selects an already resident model and does not load or unload it,unmeasured,unmeasured for this dataset,models were loaded and timed sequentially; the Pi timing report does not measure all-four-resident switching,unmeasured for this dataset; no measurement point applies,"inside the model predict call on the Pi CPU over an encoded in-memory 100-row batch; excludes preprocessing, file/network I/O, packet capture, feature extraction, and end-to-end IDS delay",unmeasured,unmeasured,,,,,,,unmeasured,,,,,unmeasured,,,,,measured,0.232255,0.28893719999999995,1000,proxy,unmeasured,unmeasured,unmeasured,unmeasured,,,unmeasured,"No dataset-specific physical power, scheduled 1 Hz latency, or temperature-response uncertainty is available. Tight-loop latency has empirical median/p95 from one 1000-call session, with no independent-run confidence interval."
ciciot2023/LightLR,ciciot2023,LightLR,"Raspberry Pi 4 Model B Rev 1.5, 8 GB, aarch64",bddfc5f738a520115bff8b7b04a84d585ca61a518dbbd13ccd4871a432a66ae6,562ae93cf3dd03bfe09c82262fe6c78142b08cf5c3e31f19ecd4251464371bb3,90cf2cf9b516e6786c475ed60a8821c78205370ba9288edfa49bcf6aba856b40,,,100,,unmeasured for this dataset,measured in a tight loop: 20 warmups then 1000 consecutive 100-row encoded-input predict calls; no one-second pacing,all four dataset-specific models stay loaded; an action switch selects an already resident model and does not load or unload it,unmeasured,unmeasured for this dataset,models were loaded and timed sequentially; the Pi timing report does not measure all-four-resident switching,unmeasured for this dataset; no measurement point applies,"inside the model predict call on the Pi CPU over an encoded in-memory 100-row batch; excludes preprocessing, file/network I/O, packet capture, feature extraction, and end-to-end IDS delay",unmeasured,unmeasured,,,,,,,unmeasured,,,,,unmeasured,,,,,measured,0.299938,0.35778025,1000,proxy,unmeasured,unmeasured,unmeasured,unmeasured,,,unmeasured,"No dataset-specific physical power, scheduled 1 Hz latency, or temperature-response uncertainty is available. Tight-loop latency has empirical median/p95 from one 1000-call session, with no independent-run confidence interval."
ciciot2023/MedRF,ciciot2023,MedRF,"Raspberry Pi 4 Model B Rev 1.5, 8 GB, aarch64",8b82d1e1cf2c409afb49ff47b9353eb5b7e55901e1d60fa564a4e9e123183ec7,562ae93cf3dd03bfe09c82262fe6c78142b08cf5c3e31f19ecd4251464371bb3,90cf2cf9b516e6786c475ed60a8821c78205370ba9288edfa49bcf6aba856b40,,,100,,unmeasured for this dataset,measured in a tight loop: 20 warmups then 1000 consecutive 100-row encoded-input predict calls; no one-second pacing,all four dataset-specific models stay loaded; an action switch selects an already resident model and does not load or unload it,unmeasured,unmeasured for this dataset,models were loaded and timed sequentially; the Pi timing report does not measure all-four-resident switching,unmeasured for this dataset; no measurement point applies,"inside the model predict call on the Pi CPU over an encoded in-memory 100-row batch; excludes preprocessing, file/network I/O, packet capture, feature extraction, and end-to-end IDS delay",unmeasured,unmeasured,,,,,,,unmeasured,,,,,unmeasured,,,,,measured,26.036045,27.82180985,1000,proxy,unmeasured,unmeasured,unmeasured,unmeasured,,,unmeasured,"No dataset-specific physical power, scheduled 1 Hz latency, or temperature-response uncertainty is available. Tight-loop latency has empirical median/p95 from one 1000-call session, with no independent-run confidence interval."
ciciot2023/HeavyMLP,ciciot2023,HeavyMLP,"Raspberry Pi 4 Model B Rev 1.5, 8 GB, aarch64",95425ee50ae869a0a6f6dac5920e7a1c7696b5edcdc17e90935920867e6b086f,562ae93cf3dd03bfe09c82262fe6c78142b08cf5c3e31f19ecd4251464371bb3,90cf2cf9b516e6786c475ed60a8821c78205370ba9288edfa49bcf6aba856b40,,,100,,unmeasured for this dataset,measured in a tight loop: 20 warmups then 1000 consecutive 100-row encoded-input predict calls; no one-second pacing,all four dataset-specific models stay loaded; an action switch selects an already resident model and does not load or unload it,unmeasured,unmeasured for this dataset,models were loaded and timed sequentially; the Pi timing report does not measure all-four-resident switching,unmeasured for this dataset; no measurement point applies,"inside the model predict call on the Pi CPU over an encoded in-memory 100-row batch; excludes preprocessing, file/network I/O, packet capture, feature extraction, and end-to-end IDS delay",unmeasured,unmeasured,,,,,,,unmeasured,,,,,unmeasured,,,,,measured,1.540739,1.6281133,1000,proxy,unmeasured,unmeasured,unmeasured,unmeasured,,,unmeasured,"No dataset-specific physical power, scheduled 1 Hz latency, or temperature-response uncertainty is available. Tight-loop latency has empirical median/p95 from one 1000-call session, with no independent-run confidence interval."
n_baiot/TinyDT,n_baiot,TinyDT,"Raspberry Pi 4 Model B Rev 1.5, 8 GB, aarch64",0d34cfaa6dd93ffaf2914027490c992651a43440d3f5685a0c87418ab355b62f,b20aab78ffd3a446244e347b5e37325e3185d83754dac33f7b6fe6950b2067b2,5ce5f8cc653e25d935e650f82ca294303121e38da9ce4fb58b6ba9ae5d6f2f5f,,,100,,unmeasured for this dataset,measured in a tight loop: 20 warmups then 1000 consecutive 100-row encoded-input predict calls; no one-second pacing,all four dataset-specific models stay loaded; an action switch selects an already resident model and does not load or unload it,unmeasured,unmeasured for this dataset,models were loaded and timed sequentially; the Pi timing report does not measure all-four-resident switching,unmeasured for this dataset; no measurement point applies,"inside the model predict call on the Pi CPU over an encoded in-memory 100-row batch; excludes preprocessing, file/network I/O, packet capture, feature extraction, and end-to-end IDS delay",unmeasured,unmeasured,,,,,,,unmeasured,,,,,unmeasured,,,,,measured,0.2557265,0.3141855,1000,proxy,unmeasured,unmeasured,unmeasured,unmeasured,,,unmeasured,"No dataset-specific physical power, scheduled 1 Hz latency, or temperature-response uncertainty is available. Tight-loop latency has empirical median/p95 from one 1000-call session, with no independent-run confidence interval."
n_baiot/LightLR,n_baiot,LightLR,"Raspberry Pi 4 Model B Rev 1.5, 8 GB, aarch64",1b678d6546b6929f91585525c6ace16e64e4eba8e8242e2dce48371a86968ad4,b20aab78ffd3a446244e347b5e37325e3185d83754dac33f7b6fe6950b2067b2,5ce5f8cc653e25d935e650f82ca294303121e38da9ce4fb58b6ba9ae5d6f2f5f,,,100,,unmeasured for this dataset,measured in a tight loop: 20 warmups then 1000 consecutive 100-row encoded-input predict calls; no one-second pacing,all four dataset-specific models stay loaded; an action switch selects an already resident model and does not load or unload it,unmeasured,unmeasured for this dataset,models were loaded and timed sequentially; the Pi timing report does not measure all-four-resident switching,unmeasured for this dataset; no measurement point applies,"inside the model predict call on the Pi CPU over an encoded in-memory 100-row batch; excludes preprocessing, file/network I/O, packet capture, feature extraction, and end-to-end IDS delay",unmeasured,unmeasured,,,,,,,unmeasured,,,,,unmeasured,,,,,measured,0.3612435,0.42751184999999997,1000,proxy,unmeasured,unmeasured,unmeasured,unmeasured,,,unmeasured,"No dataset-specific physical power, scheduled 1 Hz latency, or temperature-response uncertainty is available. Tight-loop latency has empirical median/p95 from one 1000-call session, with no independent-run confidence interval."
n_baiot/MedRF,n_baiot,MedRF,"Raspberry Pi 4 Model B Rev 1.5, 8 GB, aarch64",b68458643587b30b97e4edd46f5624415fa695ddce510a128c1f2f5533503f69,b20aab78ffd3a446244e347b5e37325e3185d83754dac33f7b6fe6950b2067b2,5ce5f8cc653e25d935e650f82ca294303121e38da9ce4fb58b6ba9ae5d6f2f5f,,,100,,unmeasured for this dataset,measured in a tight loop: 20 warmups then 1000 consecutive 100-row encoded-input predict calls; no one-second pacing,all four dataset-specific models stay loaded; an action switch selects an already resident model and does not load or unload it,unmeasured,unmeasured for this dataset,models were loaded and timed sequentially; the Pi timing report does not measure all-four-resident switching,unmeasured for this dataset; no measurement point applies,"inside the model predict call on the Pi CPU over an encoded in-memory 100-row batch; excludes preprocessing, file/network I/O, packet capture, feature extraction, and end-to-end IDS delay",unmeasured,unmeasured,,,,,,,unmeasured,,,,,unmeasured,,,,,measured,26.243421,27.3491562,1000,proxy,unmeasured,unmeasured,unmeasured,unmeasured,,,unmeasured,"No dataset-specific physical power, scheduled 1 Hz latency, or temperature-response uncertainty is available. Tight-loop latency has empirical median/p95 from one 1000-call session, with no independent-run confidence interval."
n_baiot/HeavyMLP,n_baiot,HeavyMLP,"Raspberry Pi 4 Model B Rev 1.5, 8 GB, aarch64",170650085e9cd68e6a04657e8896a75e42916b8090ca646bc4cbc725141d923a,b20aab78ffd3a446244e347b5e37325e3185d83754dac33f7b6fe6950b2067b2,5ce5f8cc653e25d935e650f82ca294303121e38da9ce4fb58b6ba9ae5d6f2f5f,,,100,,unmeasured for this dataset,measured in a tight loop: 20 warmups then 1000 consecutive 100-row encoded-input predict calls; no one-second pacing,all four dataset-specific models stay loaded; an action switch selects an already resident model and does not load or unload it,unmeasured,unmeasured for this dataset,models were loaded and timed sequentially; the Pi timing report does not measure all-four-resident switching,unmeasured for this dataset; no measurement point applies,"inside the model predict call on the Pi CPU over an encoded in-memory 100-row batch; excludes preprocessing, file/network I/O, packet capture, feature extraction, and end-to-end IDS delay",unmeasured,unmeasured,,,,,,,unmeasured,,,,,unmeasured,,,,,measured,1.6570055,1.7391973,1000,proxy,unmeasured,unmeasured,unmeasured,unmeasured,,,unmeasured,"No dataset-specific physical power, scheduled 1 Hz latency, or temperature-response uncertainty is available. Tight-loop latency has empirical median/p95 from one 1000-call session, with no independent-run confidence interval."
