supp_block_id,run_id,method,valid,run_order,trace_id,trace_hash,config_hash,policy_hash,model_hash,device_id,start_time,end_time,duration_s,energy_j,mean_power_w,tn,fp,fn,tp,f1,recall,fpr,balanced_accuracy,inference_mean_ms,inference_p50_ms,inference_p95_ms,max_temperature_c,mean_temperature_c,runtime_switch_count,initial_selection_events,throttle_flag,undervoltage_flag,missing_power_samples,missing_windows,failure_reason,replacement_for
1,supp-lightlr-S01-p1-DQN,DQN,true,1,formal_test_11,cb0dda0952256272f840020fbcdb3848e629d50e3465d9b4ce8363ec22751300,59e184f6b0c7a8f6e47190dbd4e072857fe0d67d13cfea147c4579251063e618,123c380bb3d78c9ac8d34614eb1f0fcc30caaee79b420a78652f39c90a88a471,multiple_resident_models_bound_in_runtime_manifest,Pi4 CPU 100000005368e39d; KM003C SN 075356,1788819656.922415,1788820156.927967,500.00555206250004,1198.4464685052644,2.396866321907282,32342,458,585,16615,0.9695678814226942,0.9659883720930232,0.013963414634146342,0.9760124787294384,1.448724706,1.4408984999999999,1.49620975,30.18,28.172586,1,1,false,false,0,0,,
1,supp-lightlr-S01-p2-Tabular-Q,Tabular-Q,true,2,formal_test_11,cb0dda0952256272f840020fbcdb3848e629d50e3465d9b4ce8363ec22751300,59e184f6b0c7a8f6e47190dbd4e072857fe0d67d13cfea147c4579251063e618,a89c52c9839fe4c97bbd81cdc97cd9d4bd58c9dab8a42dda728c225855501c17,multiple_resident_models_bound_in_runtime_manifest,Pi4 CPU 100000005368e39d; KM003C SN 075356,1788820170.722837,1788820670.7190218,499.9961847914998,1194.1468080257384,2.3883118398667422,32342,458,585,16615,0.9695678814226942,0.9659883720930232,0.013963414634146342,0.9760124787294384,1.422100764,1.4207785,1.45620705,30.667,28.43654,1,1,false,false,0,0,,
1,supp-lightlr-S01-p3-Static-LightLR,Static-LightLR,true,3,formal_test_11,cb0dda0952256272f840020fbcdb3848e629d50e3465d9b4ce8363ec22751300,59e184f6b0c7a8f6e47190dbd4e072857fe0d67d13cfea147c4579251063e618,,a6cafb1426058f0268dd9da065fa3848b95c0a5531b3ec5c1b65987e5ca5268f,Pi4 CPU 100000005368e39d; KM003C SN 075356,1788820684.164028,1788821184.1695294,500.0055014374998,1190.841493984314,2.3816567828967536,32342,458,585,16615,0.9695678814226942,0.9659883720930232,0.013963414634146342,0.9760124787294384,1.431132806,1.427549,1.45633615,30.18,28.461864000000002,1,1,false,false,0,0,,
1,supp-lightlr-S01-p4-Static-MedRF,Static-MedRF,true,4,formal_test_11,cb0dda0952256272f840020fbcdb3848e629d50e3465d9b4ce8363ec22751300,59e184f6b0c7a8f6e47190dbd4e072857fe0d67d13cfea147c4579251063e618,,35bc9b8674c5ae3b7c163ab29d7fd3d3abfe61dfaa1d26323530f9d14a2b2688,Pi4 CPU 100000005368e39d; KM003C SN 075356,1788821197.688283,1788821697.6843894,499.99610631249993,1204.7804007196573,2.409579565738986,32282,518,68,17132,0.9831850789096126,0.996046511627907,0.01579268292682927,0.9901269143505389,33.047197726,30.325413,38.6720924,30.18,28.705364,1,1,false,false,0,0,,
2,supp-lightlr-S02-p1-Tabular-Q,Tabular-Q,true,1,formal_test_23,156cad7b285d5c31f12f0bd56bd2a810aa2000f5d56bfdb658c3bbcbb0be4228,59e184f6b0c7a8f6e47190dbd4e072857fe0d67d13cfea147c4579251063e618,a89c52c9839fe4c97bbd81cdc97cd9d4bd58c9dab8a42dda728c225855501c17,multiple_resident_models_bound_in_runtime_manifest,Pi4 CPU 100000005368e39d; KM003C SN 075356,1788821711.110324,1788822211.1100557,499.9997318749997,1189.9536356163894,2.3799085474587387,32336,464,523,16677,0.9712588451122566,0.969593023255814,0.014146341463414635,0.9777233408961996,1.41564242,1.415788,1.44582635,30.667,28.683936,1,1,false,false,0,0,,
2,supp-lightlr-S02-p2-Static-MedRF,Static-MedRF,true,2,formal_test_23,156cad7b285d5c31f12f0bd56bd2a810aa2000f5d56bfdb658c3bbcbb0be4228,59e184f6b0c7a8f6e47190dbd4e072857fe0d67d13cfea147c4579251063e618,,35bc9b8674c5ae3b7c163ab29d7fd3d3abfe61dfaa1d26323530f9d14a2b2688,Pi4 CPU 100000005368e39d; KM003C SN 075356,1788822224.4195561,1788822724.4172282,499.99767218750003,1210.5001106650695,2.4210114926517696,32280,520,63,17137,0.9832745216168919,0.9963372093023256,0.015853658536585366,0.9902417753828701,32.732441612,30.815640000000002,38.487223650000004,31.154,28.89919,1,1,false,false,0,0,,
2,supp-lightlr-S02-p3-DQN,DQN,true,3,formal_test_23,156cad7b285d5c31f12f0bd56bd2a810aa2000f5d56bfdb658c3bbcbb0be4228,59e184f6b0c7a8f6e47190dbd4e072857fe0d67d13cfea147c4579251063e618,123c380bb3d78c9ac8d34614eb1f0fcc30caaee79b420a78652f39c90a88a471,multiple_resident_models_bound_in_runtime_manifest,Pi4 CPU 100000005368e39d; KM003C SN 075356,1788822739.741843,1788823239.7423115,500.00046843750033,1196.3300500079906,2.3926578583946485,32336,464,523,16677,0.9712588451122566,0.969593023255814,0.014146341463414635,0.9777233408961996,1.44968915,1.4475955,1.4793088,31.154,28.965422,1,1,false,false,0,0,,
2,supp-lightlr-S02-p4-Static-LightLR,Static-LightLR,true,4,formal_test_23,156cad7b285d5c31f12f0bd56bd2a810aa2000f5d56bfdb658c3bbcbb0be4228,59e184f6b0c7a8f6e47190dbd4e072857fe0d67d13cfea147c4579251063e618,,a6cafb1426058f0268dd9da065fa3848b95c0a5531b3ec5c1b65987e5ca5268f,Pi4 CPU 100000005368e39d; KM003C SN 075356,1788823253.555279,1788823753.5566947,500.00141562499994,1193.737545252941,2.38746833098617,32336,464,523,16677,0.9712588451122566,0.969593023255814,0.014146341463414635,0.9777233408961996,1.417026938,1.4133175,1.44331815,31.154,28.906982,1,1,false,false,0,0,,
3,supp-lightlr-S03-p1-Static-LightLR,Static-LightLR,true,1,formal_test_37,b769823767c2fd2e0355f76bab2f22df90f82f025114a689e5df2cfb660371c0,59e184f6b0c7a8f6e47190dbd4e072857fe0d67d13cfea147c4579251063e618,,a6cafb1426058f0268dd9da065fa3848b95c0a5531b3ec5c1b65987e5ca5268f,Pi4 CPU 100000005368e39d; KM003C SN 075356,1788823766.835371,1788824266.8334284,499.99805737550014,1192.3166447282633,2.384642554386626,32350,450,589,16611,0.9696739733224367,0.9657558139534884,0.013719512195121951,0.9760181508791832,1.442409644,1.4411965,1.49200675,31.154,28.954708,1,1,false,false,0,0,,
3,supp-lightlr-S03-p2-Tabular-Q,Tabular-Q,true,2,formal_test_37,b769823767c2fd2e0355f76bab2f22df90f82f025114a689e5df2cfb660371c0,59e184f6b0c7a8f6e47190dbd4e072857fe0d67d13cfea147c4579251063e618,a89c52c9839fe4c97bbd81cdc97cd9d4bd58c9dab8a42dda728c225855501c17,multiple_resident_models_bound_in_runtime_manifest,Pi4 CPU 100000005368e39d; KM003C SN 075356,1788824280.254873,1788824780.2564704,500.0015973749996,1196.988374171619,2.3939691002104566,32350,450,589,16611,0.9696739733224367,0.9657558139534884,0.013719512195121951,0.9760181508791832,1.430031704,1.4306869999999998,1.4742297,31.641,29.082302000000002,1,1,false,false,0,0,,
3,supp-lightlr-S03-p3-Static-MedRF,Static-MedRF,true,3,formal_test_37,b769823767c2fd2e0355f76bab2f22df90f82f025114a689e5df2cfb660371c0,59e184f6b0c7a8f6e47190dbd4e072857fe0d67d13cfea147c4579251063e618,,35bc9b8674c5ae3b7c163ab29d7fd3d3abfe61dfaa1d26323530f9d14a2b2688,Pi4 CPU 100000005368e39d; KM003C SN 075356,1788824793.569251,1788825293.5765758,500.0073247704995,1204.4823198626248,2.4089293500159727,32278,522,60,17140,0.9833056049566865,0.9965116279069768,0.015914634146341464,0.9902984968803177,33.307064348,30.570251499999998,38.6748299,30.667,29.205026,1,1,false,false,0,0,,
3,supp-lightlr-S03-p4-DQN,DQN,true,4,formal_test_37,b769823767c2fd2e0355f76bab2f22df90f82f025114a689e5df2cfb660371c0,59e184f6b0c7a8f6e47190dbd4e072857fe0d67d13cfea147c4579251063e618,123c380bb3d78c9ac8d34614eb1f0fcc30caaee79b420a78652f39c90a88a471,multiple_resident_models_bound_in_runtime_manifest,Pi4 CPU 100000005368e39d; KM003C SN 075356,1788825309.075702,1788825809.0708385,499.9951364794997,1193.3265070853856,2.3866762294683106,32350,450,589,16611,0.9696739733224367,0.9657558139534884,0.013719512195121951,0.9760181508791832,1.465036342,1.4628625,1.5096094,31.641,29.13782,1,1,false,false,0,0,,
4,supp-lightlr-S04-p1-Tabular-Q,Tabular-Q,true,1,formal_test_53,365b56336daa68045fa081be03b3d5044b4987c0f737564a78168c67af4ee3cc,59e184f6b0c7a8f6e47190dbd4e072857fe0d67d13cfea147c4579251063e618,a89c52c9839fe4c97bbd81cdc97cd9d4bd58c9dab8a42dda728c225855501c17,multiple_resident_models_bound_in_runtime_manifest,Pi4 CPU 100000005368e39d; KM003C SN 075356,1788825822.867146,1788826322.8614595,499.99431350049963,1194.4651495361672,2.3889574686832384,32361,439,594,16606,0.9698350124105709,0.9654651162790697,0.013384146341463414,0.9760404849688031,1.432606386,1.426326,1.4983245,31.641,29.136846000000002,1,1,false,false,0,0,,
4,supp-lightlr-S04-p2-DQN,DQN,true,2,formal_test_53,365b56336daa68045fa081be03b3d5044b4987c0f737564a78168c67af4ee3cc,59e184f6b0c7a8f6e47190dbd4e072857fe0d67d13cfea147c4579251063e618,123c380bb3d78c9ac8d34614eb1f0fcc30caaee79b420a78652f39c90a88a471,multiple_resident_models_bound_in_runtime_manifest,Pi4 CPU 100000005368e39d; KM003C SN 075356,1788826337.919769,1788826837.9145606,499.99479152099957,1201.156096384991,2.402337217815884,32361,439,594,16606,0.9698350124105709,0.9654651162790697,0.013384146341463414,0.9760404849688031,1.443390352,1.451103,1.5159790499999999,31.641,29.253726,1,1,false,false,0,0,,
4,supp-lightlr-S04-p3-Static-MedRF,Static-MedRF,true,3,formal_test_53,365b56336daa68045fa081be03b3d5044b4987c0f737564a78168c67af4ee3cc,59e184f6b0c7a8f6e47190dbd4e072857fe0d67d13cfea147c4579251063e618,,35bc9b8674c5ae3b7c163ab29d7fd3d3abfe61dfaa1d26323530f9d14a2b2688,Pi4 CPU 100000005368e39d; KM003C SN 075356,1788826851.6263711,1788827351.6266766,500.00030552099906,1204.8533819373758,2.4097052914436157,32295,505,50,17150,0.9840768899727443,0.997093023255814,0.015396341463414634,0.9908483408961997,31.311778942,29.8912255,38.13230775,31.154,29.341386,1,1,false,false,0,0,,
4,supp-lightlr-S04-p4-Static-LightLR,Static-LightLR,true,4,formal_test_53,365b56336daa68045fa081be03b3d5044b4987c0f737564a78168c67af4ee3cc,59e184f6b0c7a8f6e47190dbd4e072857fe0d67d13cfea147c4579251063e618,,a6cafb1426058f0268dd9da065fa3848b95c0a5531b3ec5c1b65987e5ca5268f,Pi4 CPU 100000005368e39d; KM003C SN 075356,1788827364.902205,1788827864.9041827,500.00197764600125,1191.858015927339,2.3837066035990127,32361,439,594,16606,0.9698350124105709,0.9654651162790697,0.013384146341463414,0.9760404849688031,1.424249166,1.4206794999999999,1.4500998999999999,31.154,29.205026,1,1,false,false,0,0,,
5,supp-lightlr-S05-p1-Static-MedRF,Static-MedRF,true,1,formal_test_71,53f4e7e734c7b39cad04e3a35323b0389a84764e20cc584f525a34b2688526d0,59e184f6b0c7a8f6e47190dbd4e072857fe0d67d13cfea147c4579251063e618,,35bc9b8674c5ae3b7c163ab29d7fd3d3abfe61dfaa1d26323530f9d14a2b2688,Pi4 CPU 100000005368e39d; KM003C SN 075356,1788827878.185075,1788828378.1812904,499.99621533299796,1200.7573337611057,2.401532845526441,32285,515,51,17149,0.9837654887563102,0.9970348837209302,0.015701219512195122,0.9906668321043675,31.948976122,30.072584,38.5500078,31.154,29.494304,1,1,false,false,0,0,,
5,supp-lightlr-S05-p2-Static-LightLR,Static-LightLR,true,2,formal_test_71,53f4e7e734c7b39cad04e3a35323b0389a84764e20cc584f525a34b2688526d0,59e184f6b0c7a8f6e47190dbd4e072857fe0d67d13cfea147c4579251063e618,,a6cafb1426058f0268dd9da065fa3848b95c0a5531b3ec5c1b65987e5ca5268f,Pi4 CPU 100000005368e39d; KM003C SN 075356,1788828391.329397,1788828891.3298323,500.00043525,1193.4795288724981,2.386956979898945,32345,455,591,16609,0.9694723324772355,0.9656395348837209,0.013871951219512195,0.9758837918321044,1.512857384,1.5074640000000001,1.5572972,31.154,29.426124,1,1,false,false,0,0,,
5,supp-lightlr-S05-p3-Tabular-Q,Tabular-Q,true,3,formal_test_71,53f4e7e734c7b39cad04e3a35323b0389a84764e20cc584f525a34b2688526d0,59e184f6b0c7a8f6e47190dbd4e072857fe0d67d13cfea147c4579251063e618,a89c52c9839fe4c97bbd81cdc97cd9d4bd58c9dab8a42dda728c225855501c17,multiple_resident_models_bound_in_runtime_manifest,Pi4 CPU 100000005368e39d; KM003C SN 075356,1788828904.620987,1788829404.622186,500.00119906250256,1194.1206070114717,2.3882354867357045,32345,455,591,16609,0.9694723324772355,0.9656395348837209,0.013871951219512195,0.9758837918321044,1.500176318,1.4973345,1.5450874499999998,31.154,29.520602,1,1,false,false,0,0,,
5,supp-lightlr-S05-p4-DQN,DQN,true,4,formal_test_71,53f4e7e734c7b39cad04e3a35323b0389a84764e20cc584f525a34b2688526d0,59e184f6b0c7a8f6e47190dbd4e072857fe0d67d13cfea147c4579251063e618,123c380bb3d78c9ac8d34614eb1f0fcc30caaee79b420a78652f39c90a88a471,multiple_resident_models_bound_in_runtime_manifest,Pi4 CPU 100000005368e39d; KM003C SN 075356,1788829419.866079,1788829919.8686457,500.0025666875008,1195.8496105613324,2.3916869436966963,32345,455,591,16609,0.9694723324772355,0.9656395348837209,0.013871951219512195,0.9758837918321044,1.460114862,1.4556230000000001,1.4974467999999999,31.641,29.659884,1,1,false,false,0,0,,
6,supp-lightlr-S06-p1-Static-LightLR,Static-LightLR,true,1,formal_test_89,732a5f7f999dcaaf8f71ade41069157a3d6ead950d7660c6e7415bf731677274,59e184f6b0c7a8f6e47190dbd4e072857fe0d67d13cfea147c4579251063e618,,a6cafb1426058f0268dd9da065fa3848b95c0a5531b3ec5c1b65987e5ca5268f,Pi4 CPU 100000005368e39d; KM003C SN 075356,1788829933.754292,1788830433.7567682,500.00247633300023,1193.607229133216,2.3872026352491043,32398,402,587,16613,0.9710945491743388,0.9658720930232558,0.01225609756097561,0.9768079977311401,1.434357236,1.431789,1.4757649499999999,31.154,29.641378,1,1,false,false,0,0,,
6,supp-lightlr-S06-p2-Static-MedRF,Static-MedRF,true,2,formal_test_89,732a5f7f999dcaaf8f71ade41069157a3d6ead950d7660c6e7415bf731677274,59e184f6b0c7a8f6e47190dbd4e072857fe0d67d13cfea147c4579251063e618,,35bc9b8674c5ae3b7c163ab29d7fd3d3abfe61dfaa1d26323530f9d14a2b2688,Pi4 CPU 100000005368e39d; KM003C SN 075356,1788830446.9980009,1788830946.9980876,500.00008672900003,1203.7272198676253,2.407454022143091,32333,467,55,17145,0.9850051706308169,0.9968023255813954,0.014237804878048781,0.9912822603516733,32.01962609,30.003838000000002,38.46818225,32.128,29.95111,1,1,false,false,0,0,,
6,supp-lightlr-S06-p3-DQN,DQN,true,3,formal_test_89,732a5f7f999dcaaf8f71ade41069157a3d6ead950d7660c6e7415bf731677274,59e184f6b0c7a8f6e47190dbd4e072857fe0d67d13cfea147c4579251063e618,123c380bb3d78c9ac8d34614eb1f0fcc30caaee79b420a78652f39c90a88a471,multiple_resident_models_bound_in_runtime_manifest,Pi4 CPU 100000005368e39d; KM003C SN 075356,1788830962.4666638,1788831462.4673648,500.000700999999,1196.171095115092,2.3923388361711404,32398,402,587,16613,0.9710945491743388,0.9658720930232558,0.01225609756097561,0.9768079977311401,1.449308968,1.447586,1.4781502499999999,32.128,29.981304,1,1,false,false,0,0,,
6,supp-lightlr-S06-p4-Tabular-Q,Tabular-Q,true,4,formal_test_89,732a5f7f999dcaaf8f71ade41069157a3d6ead950d7660c6e7415bf731677274,59e184f6b0c7a8f6e47190dbd4e072857fe0d67d13cfea147c4579251063e618,a89c52c9839fe4c97bbd81cdc97cd9d4bd58c9dab8a42dda728c225855501c17,multiple_resident_models_bound_in_runtime_manifest,Pi4 CPU 100000005368e39d; KM003C SN 075356,1788831476.098065,1788831976.099937,500.00187212450146,1188.2078817131521,2.3764068655672674,32398,402,587,16613,0.9710945491743388,0.9658720930232558,0.01225609756097561,0.9768079977311401,1.427083158,1.4252894999999999,1.4535314,31.641,29.828386000000002,1,1,false,false,0,0,,
7,supp-lightlr-S07-p1-DQN,DQN,true,1,formal_test_107,50607cd4ee6d437f0482a307ebe0bd40876941cc4f38f212c5ebcaf298e43b3a,59e184f6b0c7a8f6e47190dbd4e072857fe0d67d13cfea147c4579251063e618,123c380bb3d78c9ac8d34614eb1f0fcc30caaee79b420a78652f39c90a88a471,multiple_resident_models_bound_in_runtime_manifest,Pi4 CPU 100000005368e39d; KM003C SN 075356,1788831991.372272,1788832491.3801877,500.00791562499944,1197.3765025886755,2.3947150938440243,32348,452,548,16652,0.9708488805970148,0.968139534883721,0.013780487804878049,0.9771795235394214,1.524084208,1.5225564999999999,1.5623902,31.641,30.059224,1,1,false,false,0,0,,
7,supp-lightlr-S07-p2-Static-LightLR,Static-LightLR,true,2,formal_test_107,50607cd4ee6d437f0482a307ebe0bd40876941cc4f38f212c5ebcaf298e43b3a,59e184f6b0c7a8f6e47190dbd4e072857fe0d67d13cfea147c4579251063e618,,a6cafb1426058f0268dd9da065fa3848b95c0a5531b3ec5c1b65987e5ca5268f,Pi4 CPU 100000005368e39d; KM003C SN 075356,1788832505.1562922,1788833005.1483812,499.9920890624999,1191.5063830285785,2.383050470383819,32348,452,548,16652,0.9708488805970148,0.968139534883721,0.013780487804878049,0.9771795235394214,1.469012748,1.4811495,1.54325515,31.641,29.931630000000002,1,1,false,false,0,0,,
7,supp-lightlr-S07-p3-Static-MedRF,Static-MedRF,true,3,formal_test_107,50607cd4ee6d437f0482a307ebe0bd40876941cc4f38f212c5ebcaf298e43b3a,59e184f6b0c7a8f6e47190dbd4e072857fe0d67d13cfea147c4579251063e618,,35bc9b8674c5ae3b7c163ab29d7fd3d3abfe61dfaa1d26323530f9d14a2b2688,Pi4 CPU 100000005368e39d; KM003C SN 075356,1788833018.449614,1788833518.4502337,500.0006195829992,1204.4021957196348,2.4088014065344696,32294,506,65,17135,0.9836112625929221,0.9962209302325581,0.015426829268292683,0.9903970504821327,32.845377342,30.116308500000002,38.359732,31.641,30.232596,1,1,false,false,0,0,,
7,supp-lightlr-S07-p4-Tabular-Q,Tabular-Q,true,4,formal_test_107,50607cd4ee6d437f0482a307ebe0bd40876941cc4f38f212c5ebcaf298e43b3a,59e184f6b0c7a8f6e47190dbd4e072857fe0d67d13cfea147c4579251063e618,a89c52c9839fe4c97bbd81cdc97cd9d4bd58c9dab8a42dda728c225855501c17,multiple_resident_models_bound_in_runtime_manifest,Pi4 CPU 100000005368e39d; KM003C SN 075356,1788833531.684108,1788834031.6853561,500.001248083001,1194.644909668523,2.3892838552879176,32348,452,548,16652,0.9708488805970148,0.968139534883721,0.013780487804878049,0.9771795235394214,1.437613914,1.429512,1.5231766,32.128,30.206298,1,1,false,false,0,0,,
8,supp-lightlr-S08-p1-Static-MedRF,Static-MedRF,true,1,formal_test_131,04fb5b68be502480a6b7a9fe1fc9a1542266c30e1596e4b574a17789cbbab5c8,59e184f6b0c7a8f6e47190dbd4e072857fe0d67d13cfea147c4579251063e618,,35bc9b8674c5ae3b7c163ab29d7fd3d3abfe61dfaa1d26323530f9d14a2b2688,Pi4 CPU 100000005368e39d; KM003C SN 075356,1788834044.895214,1788834544.8983603,500.003146250001,1204.3399900536592,2.408664823583911,32283,517,58,17142,0.9835049771938381,0.9966279069767442,0.01576219512195122,0.9904328559273965,33.26905458,31.481973500000002,38.36042595,31.641,30.391358,1,1,false,false,0,0,,
8,supp-lightlr-S08-p2-Tabular-Q,Tabular-Q,true,2,formal_test_131,04fb5b68be502480a6b7a9fe1fc9a1542266c30e1596e4b574a17789cbbab5c8,59e184f6b0c7a8f6e47190dbd4e072857fe0d67d13cfea147c4579251063e618,a89c52c9839fe4c97bbd81cdc97cd9d4bd58c9dab8a42dda728c225855501c17,multiple_resident_models_bound_in_runtime_manifest,Pi4 CPU 100000005368e39d; KM003C SN 075356,1788834558.155064,1788835058.1589646,500.0039004999999,1190.0991061373732,2.38017964449334,32339,461,549,16651,0.9705642340871997,0.9680813953488372,0.014054878048780488,0.9770132586500284,1.419329382,1.4179659999999998,1.4658135,32.128,30.371878,1,1,false,false,0,0,,
8,supp-lightlr-S08-p3-Static-LightLR,Static-LightLR,true,3,formal_test_131,04fb5b68be502480a6b7a9fe1fc9a1542266c30e1596e4b574a17789cbbab5c8,59e184f6b0c7a8f6e47190dbd4e072857fe0d67d13cfea147c4579251063e618,,a6cafb1426058f0268dd9da065fa3848b95c0a5531b3ec5c1b65987e5ca5268f,Pi4 CPU 100000005368e39d; KM003C SN 075356,1788835071.4825568,1788835571.4821928,499.99963591649794,1190.5395165569037,2.381080766938256,32339,461,549,16651,0.9705642340871997,0.9680813953488372,0.014054878048780488,0.9770132586500284,1.4386875159999999,1.4326504999999998,1.48806375,31.641,30.48194,1,1,false,false,0,0,,
8,supp-lightlr-S08-p4-DQN,DQN,true,4,formal_test_131,04fb5b68be502480a6b7a9fe1fc9a1542266c30e1596e4b574a17789cbbab5c8,59e184f6b0c7a8f6e47190dbd4e072857fe0d67d13cfea147c4579251063e618,123c380bb3d78c9ac8d34614eb1f0fcc30caaee79b420a78652f39c90a88a471,multiple_resident_models_bound_in_runtime_manifest,Pi4 CPU 100000005368e39d; KM003C SN 075356,1788835586.8026502,1788836086.802302,499.9996516044994,1195.635145391377,2.391271956999535,32339,461,549,16651,0.9705642340871997,0.9680813953488372,0.014054878048780488,0.9770132586500284,1.450197776,1.448724,1.47848695,32.128,30.690376,1,1,false,false,0,0,,
9,supp-lightlr-S09-p1-DQN,DQN,true,1,formal_test_157,e3bc54a1d0593e56f27ec70369bef784d00dd8edd2ace2f59037beda2ab62c39,59e184f6b0c7a8f6e47190dbd4e072857fe0d67d13cfea147c4579251063e618,123c380bb3d78c9ac8d34614eb1f0fcc30caaee79b420a78652f39c90a88a471,multiple_resident_models_bound_in_runtime_manifest,Pi4 CPU 100000005368e39d; KM003C SN 075356,1788836102.826966,1788836602.8330328,500.006066791997,1193.7956965247024,2.3875624233602,32359,441,537,16663,0.9714902052238806,0.9687790697674419,0.013445121951219512,0.9776669739081112,1.455013062,1.449215,1.4996762,32.128,30.773166,1,1,false,false,0,0,,
9,supp-lightlr-S09-p2-Static-MedRF-retry1,Static-MedRF,true,2,formal_test_157,e3bc54a1d0593e56f27ec70369bef784d00dd8edd2ace2f59037beda2ab62c39,59e184f6b0c7a8f6e47190dbd4e072857fe0d67d13cfea147c4579251063e618,,35bc9b8674c5ae3b7c163ab29d7fd3d3abfe61dfaa1d26323530f9d14a2b2688,Pi4 CPU 100000005368e39d; KM003C SN 075356,1788837730.97508,1788838230.973794,499.9987140209999,1203.3236086465156,2.4066534071045154,32315,485,44,17156,0.9848167388995723,0.9974418604651163,0.014786585365853658,0.9913276375496314,32.462181178,30.0262135,38.3441295,32.128,30.440058,1,1,false,false,0,0,,supp-lightlr-S09-p2-Static-MedRF
9,supp-lightlr-S09-p3-Tabular-Q,Tabular-Q,true,3,formal_test_157,e3bc54a1d0593e56f27ec70369bef784d00dd8edd2ace2f59037beda2ab62c39,59e184f6b0c7a8f6e47190dbd4e072857fe0d67d13cfea147c4579251063e618,a89c52c9839fe4c97bbd81cdc97cd9d4bd58c9dab8a42dda728c225855501c17,multiple_resident_models_bound_in_runtime_manifest,Pi4 CPU 100000005368e39d; KM003C SN 075356,1788838244.167849,1788838744.1673281,499.9994790835,1187.9912561039284,2.3759849875874246,32359,441,537,16663,0.9714902052238806,0.9687790697674419,0.013445121951219512,0.9776669739081112,1.418402736,1.4151235,1.4470726,32.615,30.780958000000002,1,1,false,false,0,0,,
9,supp-lightlr-S09-p4-Static-LightLR,Static-LightLR,true,4,formal_test_157,e3bc54a1d0593e56f27ec70369bef784d00dd8edd2ace2f59037beda2ab62c39,59e184f6b0c7a8f6e47190dbd4e072857fe0d67d13cfea147c4579251063e618,,a6cafb1426058f0268dd9da065fa3848b95c0a5531b3ec5c1b65987e5ca5268f,Pi4 CPU 100000005368e39d; KM003C SN 075356,1788838757.266634,1788839257.2665086,499.9998745209998,1189.2992381288013,2.37859907318607,32359,441,537,16663,0.9714902052238806,0.9687790697674419,0.013445121951219512,0.9776669739081112,1.426390504,1.420169,1.47677655,32.615,30.896864,1,1,false,false,0,0,,
10,supp-lightlr-S10-p1-Static-LightLR,Static-LightLR,true,1,formal_test_191,e2c7d994cc90d14d2d7b00f97457104164810bfd9e0421737b79d2ced01e9575,59e184f6b0c7a8f6e47190dbd4e072857fe0d67d13cfea147c4579251063e618,,a6cafb1426058f0268dd9da065fa3848b95c0a5531b3ec5c1b65987e5ca5268f,Pi4 CPU 100000005368e39d; KM003C SN 075356,1788839270.4097002,1788839770.407405,499.9977048124997,1190.9026327630486,2.381816198955633,32347,453,556,16644,0.9705805172464064,0.9676744186046512,0.013810975609756098,0.9769317214974476,1.488715096,1.4933049999999999,1.5344729000000001,33.102,30.962122,1,1,false,false,0,0,,
10,supp-lightlr-S10-p2-DQN,DQN,true,2,formal_test_191,e2c7d994cc90d14d2d7b00f97457104164810bfd9e0421737b79d2ced01e9575,59e184f6b0c7a8f6e47190dbd4e072857fe0d67d13cfea147c4579251063e618,123c380bb3d78c9ac8d34614eb1f0fcc30caaee79b420a78652f39c90a88a471,multiple_resident_models_bound_in_runtime_manifest,Pi4 CPU 100000005368e39d; KM003C SN 075356,1788839785.644553,1788840285.6414149,499.99686202099974,1195.2521713601545,2.390519345519321,32347,453,556,16644,0.9705805172464064,0.9676744186046512,0.013810975609756098,0.9769317214974476,1.542890306,1.541018,1.5920917499999998,33.102,31.14426,1,1,false,false,0,0,,
10,supp-lightlr-S10-p3-Tabular-Q,Tabular-Q,true,3,formal_test_191,e2c7d994cc90d14d2d7b00f97457104164810bfd9e0421737b79d2ced01e9575,59e184f6b0c7a8f6e47190dbd4e072857fe0d67d13cfea147c4579251063e618,a89c52c9839fe4c97bbd81cdc97cd9d4bd58c9dab8a42dda728c225855501c17,multiple_resident_models_bound_in_runtime_manifest,Pi4 CPU 100000005368e39d; KM003C SN 075356,1788840299.277478,1788840799.2800984,500.00262041649967,1192.0254991740474,2.384038504000431,32347,453,556,16644,0.9705805172464064,0.9676744186046512,0.013810975609756098,0.9769317214974476,1.524467498,1.52263,1.5732046499999999,33.102,31.137442,1,1,false,false,0,0,,
10,supp-lightlr-S10-p4-Static-MedRF,Static-MedRF,true,4,formal_test_191,e2c7d994cc90d14d2d7b00f97457104164810bfd9e0421737b79d2ced01e9575,59e184f6b0c7a8f6e47190dbd4e072857fe0d67d13cfea147c4579251063e618,,35bc9b8674c5ae3b7c163ab29d7fd3d3abfe61dfaa1d26323530f9d14a2b2688,Pi4 CPU 100000005368e39d; KM003C SN 075356,1788840812.533329,1788841312.532267,499.9989380000002,1201.6273126451206,2.4032597298139065,32310,490,64,17136,0.9840923447998622,0.9962790697674418,0.014939024390243902,0.9906700226885989,32.555403952,30.145621499999997,38.413284700000006,33.102,31.345878,1,1,false,false,0,0,,
1,supp-lightlr-S01-p1-DQN-failure-no-seconds,DQN,false,1,formal_test_11,,,,,,,,,,,,,,,,,,,,,,,,,,,,,,preparation KeyError('seconds'); no workload started,
9,supp-lightlr-S09-p2-Static-MedRF,Static-MedRF,false,2,formal_test_157,,,,,,,,,,,,,,,,,,,,,,,,,,,,,,external Mac controller session disappeared after 403/500 power samples; no complete summary,
