analysis_family,algorithm,variant,seed,training_episodes,selected_checkpoint,validation_return,validation_f1,validation_recall,validation_fpr,validation_ba,test_f1,test_recall,test_fpr,test_ba,test_switches,test_occupancy_tinydt,test_occupancy_lightlr,test_occupancy_medrf,test_occupancy_heavymlp,unique_validation_states,unique_test_states,policy_hash,config_hash,training_curve_path,validation_curve_path,action_map_path,notes
reward,DQN,default,2003,1000,49,246.59004000743695,0.9834187275588009,0.992046511627907,0.013371951219512195,0.9893372802041974,0.970438952674321,0.9670988372093023,0.01364329268292683,0.9767277722631877,10,0.0,1.0,0.0,0.0,4,4,a788fbe9ddea83a93ddb114ff41607c75a01daa5f88dbbbd9f9c80a6e54aa6ba,dce7a3117a11a094e564488a409eb7366a5f12f359633db832c863de678b7e81,reward-dqn-default-2003/training.jsonl,reward-dqn-default-2003/validation_windows.jsonl,reward-dqn-default-2003/action_map.json,test descriptive only; no test-based selection
reward,DQN,default,2011,1000,49,246.59004000743695,0.9834187275588009,0.992046511627907,0.013371951219512195,0.9893372802041974,0.970438952674321,0.9670988372093023,0.01364329268292683,0.9767277722631877,10,0.0,1.0,0.0,0.0,4,4,b827e601755cdfc93edc953de7427ca3fd43e9ce8cae949ab763ce0990d1132b,dce7a3117a11a094e564488a409eb7366a5f12f359633db832c863de678b7e81,reward-dqn-default-2011/training.jsonl,reward-dqn-default-2011/validation_windows.jsonl,reward-dqn-default-2011/action_map.json,test descriptive only; no test-based selection
reward,DQN,default,2017,1000,24,246.59004000743695,0.9834187275588009,0.992046511627907,0.013371951219512195,0.9893372802041974,0.970438952674321,0.9670988372093023,0.01364329268292683,0.9767277722631877,10,0.0,1.0,0.0,0.0,4,4,e78b52f77389df5611b6fa90ceee731348af53774d494bf037f71e7a8a630b88,dce7a3117a11a094e564488a409eb7366a5f12f359633db832c863de678b7e81,reward-dqn-default-2017/training.jsonl,reward-dqn-default-2017/validation_windows.jsonl,reward-dqn-default-2017/action_map.json,test descriptive only; no test-based selection
reward,DQN,default,2027,1000,24,246.59004000743695,0.9834187275588009,0.992046511627907,0.013371951219512195,0.9893372802041974,0.970438952674321,0.9670988372093023,0.01364329268292683,0.9767277722631877,10,0.0,1.0,0.0,0.0,4,4,065a5792d9699cfe7a49309479a52ed63d58484b91f29521648e9ac84096e3fd,dce7a3117a11a094e564488a409eb7366a5f12f359633db832c863de678b7e81,reward-dqn-default-2027/training.jsonl,reward-dqn-default-2027/validation_windows.jsonl,reward-dqn-default-2027/action_map.json,test descriptive only; no test-based selection
reward,DQN,default,2029,1000,49,246.59004000743695,0.9834187275588009,0.992046511627907,0.013371951219512195,0.9893372802041974,0.970438952674321,0.9670988372093023,0.01364329268292683,0.9767277722631877,10,0.0,1.0,0.0,0.0,4,4,3ffdf4e235ebb2d621f2fe39c60addadf25cba422947c103286e2eeda863efde,dce7a3117a11a094e564488a409eb7366a5f12f359633db832c863de678b7e81,reward-dqn-default-2029/training.jsonl,reward-dqn-default-2029/validation_windows.jsonl,reward-dqn-default-2029/action_map.json,test descriptive only; no test-based selection
reward,DQN,detection_heavy,2003,1000,49,395.66604578844107,0.9834187275588009,0.992046511627907,0.013371951219512195,0.9893372802041974,0.970438952674321,0.9670988372093023,0.01364329268292683,0.9767277722631877,10,0.0,1.0,0.0,0.0,4,4,995decd3f2e087d475b1073d58cff62e1d96170991e0a758f2a6db1a57827708,d3b5356ea89223d29b531fd177cabbeeaa00cd1b710c80416515fe378e32df39,reward-dqn-detection_heavy-2003/training.jsonl,reward-dqn-detection_heavy-2003/validation_windows.jsonl,reward-dqn-detection_heavy-2003/action_map.json,test descriptive only; no test-based selection
reward,DQN,detection_heavy,2011,1000,74,395.66604578844107,0.9834187275588009,0.992046511627907,0.013371951219512195,0.9893372802041974,0.970438952674321,0.9670988372093023,0.01364329268292683,0.9767277722631877,10,0.0,1.0,0.0,0.0,4,4,a30bc3f10e58b2e7c57790b69aa9b34b289692895070df112fbf9fd72d6af6c2,d3b5356ea89223d29b531fd177cabbeeaa00cd1b710c80416515fe378e32df39,reward-dqn-detection_heavy-2011/training.jsonl,reward-dqn-detection_heavy-2011/validation_windows.jsonl,reward-dqn-detection_heavy-2011/action_map.json,test descriptive only; no test-based selection
reward,DQN,detection_heavy,2017,1000,24,395.66604578844107,0.9834187275588009,0.992046511627907,0.013371951219512195,0.9893372802041974,0.970438952674321,0.9670988372093023,0.01364329268292683,0.9767277722631877,10,0.0,1.0,0.0,0.0,4,4,0fdd2bdfcd4997b79350ad3590504536243753c3d0f4395d23bd4815a0f4daae,d3b5356ea89223d29b531fd177cabbeeaa00cd1b710c80416515fe378e32df39,reward-dqn-detection_heavy-2017/training.jsonl,reward-dqn-detection_heavy-2017/validation_windows.jsonl,reward-dqn-detection_heavy-2017/action_map.json,test descriptive only; no test-based selection
reward,DQN,detection_heavy,2027,1000,49,395.66604578844107,0.9834187275588009,0.992046511627907,0.013371951219512195,0.9893372802041974,0.970438952674321,0.9670988372093023,0.01364329268292683,0.9767277722631877,10,0.0,1.0,0.0,0.0,4,4,31b4d899d0073236905a271af02473896d4f85a90b67d47ce1a6fb0f3ee21432,d3b5356ea89223d29b531fd177cabbeeaa00cd1b710c80416515fe378e32df39,reward-dqn-detection_heavy-2027/training.jsonl,reward-dqn-detection_heavy-2027/validation_windows.jsonl,reward-dqn-detection_heavy-2027/action_map.json,test descriptive only; no test-based selection
reward,DQN,detection_heavy,2029,1000,49,395.66604578844107,0.9834187275588009,0.992046511627907,0.013371951219512195,0.9893372802041974,0.970438952674321,0.9670988372093023,0.01364329268292683,0.9767277722631877,10,0.0,1.0,0.0,0.0,4,4,f3aef4f6b06ad165bd14e9c22da4c27745cbff11334aa17b3f260ada8345fd43,d3b5356ea89223d29b531fd177cabbeeaa00cd1b710c80416515fe378e32df39,reward-dqn-detection_heavy-2029/training.jsonl,reward-dqn-detection_heavy-2029/validation_windows.jsonl,reward-dqn-detection_heavy-2029/action_map.json,test descriptive only; no test-based selection
reward,DQN,energy_heavy,2003,1000,24,197.52136128962556,0.9834187275588009,0.992046511627907,0.013371951219512195,0.9893372802041974,0.970438952674321,0.9670988372093023,0.01364329268292683,0.9767277722631877,10,0.0,1.0,0.0,0.0,4,4,b5f244cbbfaa2d275856e39373a71a2bd7de7a23409c0d111cd062a871c73c20,1021c3fe1b1c2070e924890cd3717843f4fb610710d9affce18064b2ce746c3c,reward-dqn-energy_heavy-2003/training.jsonl,reward-dqn-energy_heavy-2003/validation_windows.jsonl,reward-dqn-energy_heavy-2003/action_map.json,test descriptive only; no test-based selection
reward,DQN,energy_heavy,2011,1000,24,197.52136128962556,0.9834187275588009,0.992046511627907,0.013371951219512195,0.9893372802041974,0.970438952674321,0.9670988372093023,0.01364329268292683,0.9767277722631877,10,0.0,1.0,0.0,0.0,4,4,41f1675e93ca7f1d6af96a5d2ffe9b379bcfad64011ea723e144ce1daeaef9ba,1021c3fe1b1c2070e924890cd3717843f4fb610710d9affce18064b2ce746c3c,reward-dqn-energy_heavy-2011/training.jsonl,reward-dqn-energy_heavy-2011/validation_windows.jsonl,reward-dqn-energy_heavy-2011/action_map.json,test descriptive only; no test-based selection
reward,DQN,energy_heavy,2017,1000,24,197.52136128962556,0.9834187275588009,0.992046511627907,0.013371951219512195,0.9893372802041974,0.970438952674321,0.9670988372093023,0.01364329268292683,0.9767277722631877,10,0.0,1.0,0.0,0.0,4,4,7f526e0dabee7ace7e558ad062d7c4ba5b639b628acb5b1bac3a0a0abe256902,1021c3fe1b1c2070e924890cd3717843f4fb610710d9affce18064b2ce746c3c,reward-dqn-energy_heavy-2017/training.jsonl,reward-dqn-energy_heavy-2017/validation_windows.jsonl,reward-dqn-energy_heavy-2017/action_map.json,test descriptive only; no test-based selection
reward,DQN,energy_heavy,2027,1000,24,197.52136128962556,0.9834187275588009,0.992046511627907,0.013371951219512195,0.9893372802041974,0.970438952674321,0.9670988372093023,0.01364329268292683,0.9767277722631877,10,0.0,1.0,0.0,0.0,4,4,f0e2bd846a47ac45a9651c08c2e225281cbb1d4bd601e307d0b8a59a1cf8587c,1021c3fe1b1c2070e924890cd3717843f4fb610710d9affce18064b2ce746c3c,reward-dqn-energy_heavy-2027/training.jsonl,reward-dqn-energy_heavy-2027/validation_windows.jsonl,reward-dqn-energy_heavy-2027/action_map.json,test descriptive only; no test-based selection
reward,DQN,energy_heavy,2029,1000,24,197.52136128962556,0.9834187275588009,0.992046511627907,0.013371951219512195,0.9893372802041974,0.970438952674321,0.9670988372093023,0.01364329268292683,0.9767277722631877,10,0.0,1.0,0.0,0.0,4,4,b192cfea777491486ffb51356116ae6e02ac99faa203ccc228b83d41b9c7f168,1021c3fe1b1c2070e924890cd3717843f4fb610710d9affce18064b2ce746c3c,reward-dqn-energy_heavy-2029/training.jsonl,reward-dqn-energy_heavy-2029/validation_windows.jsonl,reward-dqn-energy_heavy-2029/action_map.json,test descriptive only; no test-based selection
reward,DQN,equal,2003,1000,24,122.67169679452849,0.9834187275588009,0.992046511627907,0.013371951219512195,0.9893372802041974,0.970438952674321,0.9670988372093023,0.01364329268292683,0.9767277722631877,10,0.0,1.0,0.0,0.0,4,4,cb26373ca8498a0c292f82fd28b36868e1784a640f8c7d26f4de554d76c9d4d3,d7e8e06128dc43769620a1f595289b1651c9edd8bc722e483547ca03dbe35614,reward-dqn-equal-2003/training.jsonl,reward-dqn-equal-2003/validation_windows.jsonl,reward-dqn-equal-2003/action_map.json,test descriptive only; no test-based selection
reward,DQN,equal,2011,1000,24,122.67169679452849,0.9834187275588009,0.992046511627907,0.013371951219512195,0.9893372802041974,0.970438952674321,0.9670988372093023,0.01364329268292683,0.9767277722631877,10,0.0,1.0,0.0,0.0,4,4,3a296d13536a7b42d41406851cfe783e3e7746fe8797c76a1a4471ff69ae7236,d7e8e06128dc43769620a1f595289b1651c9edd8bc722e483547ca03dbe35614,reward-dqn-equal-2011/training.jsonl,reward-dqn-equal-2011/validation_windows.jsonl,reward-dqn-equal-2011/action_map.json,test descriptive only; no test-based selection
reward,DQN,equal,2017,1000,24,122.67169679452849,0.9834187275588009,0.992046511627907,0.013371951219512195,0.9893372802041974,0.970438952674321,0.9670988372093023,0.01364329268292683,0.9767277722631877,10,0.0,1.0,0.0,0.0,4,4,a0942e5b656f8bcfafede8e2cf04b949ffaa0403ba40412172c10c629893d11b,d7e8e06128dc43769620a1f595289b1651c9edd8bc722e483547ca03dbe35614,reward-dqn-equal-2017/training.jsonl,reward-dqn-equal-2017/validation_windows.jsonl,reward-dqn-equal-2017/action_map.json,test descriptive only; no test-based selection
reward,DQN,equal,2027,1000,24,122.67169679452849,0.9834187275588009,0.992046511627907,0.013371951219512195,0.9893372802041974,0.970438952674321,0.9670988372093023,0.01364329268292683,0.9767277722631877,10,0.0,1.0,0.0,0.0,4,4,5ee291be20374a3f3132dfaed1a5be509d246524aeb53c4b6a393e6515e7010f,d7e8e06128dc43769620a1f595289b1651c9edd8bc722e483547ca03dbe35614,reward-dqn-equal-2027/training.jsonl,reward-dqn-equal-2027/validation_windows.jsonl,reward-dqn-equal-2027/action_map.json,test descriptive only; no test-based selection
reward,DQN,equal,2029,1000,24,122.67169679452849,0.9834187275588009,0.992046511627907,0.013371951219512195,0.9893372802041974,0.970438952674321,0.9670988372093023,0.01364329268292683,0.9767277722631877,10,0.0,1.0,0.0,0.0,4,4,cd09f6600d37a56dfdf67f810089442ea95a6614bdd43a9b0a82a10a87ffafa6,d7e8e06128dc43769620a1f595289b1651c9edd8bc722e483547ca03dbe35614,reward-dqn-equal-2029/training.jsonl,reward-dqn-equal-2029/validation_windows.jsonl,reward-dqn-equal-2029/action_map.json,test descriptive only; no test-based selection
reward,Tabular-Q,default,2003,1000,24,246.59004000743695,0.9834187275588009,0.992046511627907,0.013371951219512195,0.9893372802041974,0.970438952674321,0.9670988372093023,0.01364329268292683,0.9767277722631877,10,0.0,1.0,0.0,0.0,4,4,0c88a64396a11ba268bc1702853af374de608429fd1845f1a450167130d92122,dce7a3117a11a094e564488a409eb7366a5f12f359633db832c863de678b7e81,reward-tabularq-default-2003/training.jsonl,reward-tabularq-default-2003/validation_windows.jsonl,reward-tabularq-default-2003/action_map.json,test descriptive only; no test-based selection
reward,Tabular-Q,default,2011,1000,49,246.59004000743695,0.9834187275588009,0.992046511627907,0.013371951219512195,0.9893372802041974,0.970438952674321,0.9670988372093023,0.01364329268292683,0.9767277722631877,10,0.0,1.0,0.0,0.0,4,4,93043e96e79b90832f04f649e75cc45fd157fa035c75738e3ba8697efd880499,dce7a3117a11a094e564488a409eb7366a5f12f359633db832c863de678b7e81,reward-tabularq-default-2011/training.jsonl,reward-tabularq-default-2011/validation_windows.jsonl,reward-tabularq-default-2011/action_map.json,test descriptive only; no test-based selection
reward,Tabular-Q,default,2017,1000,24,246.59004000743695,0.9834187275588009,0.992046511627907,0.013371951219512195,0.9893372802041974,0.970438952674321,0.9670988372093023,0.01364329268292683,0.9767277722631877,10,0.0,1.0,0.0,0.0,4,4,7d9217267fbd20b6205196951eca6fef6619bc1af410ff6fbbc939b26675dd4b,dce7a3117a11a094e564488a409eb7366a5f12f359633db832c863de678b7e81,reward-tabularq-default-2017/training.jsonl,reward-tabularq-default-2017/validation_windows.jsonl,reward-tabularq-default-2017/action_map.json,test descriptive only; no test-based selection
reward,Tabular-Q,default,2027,1000,24,246.59004000743695,0.9834187275588009,0.992046511627907,0.013371951219512195,0.9893372802041974,0.970438952674321,0.9670988372093023,0.01364329268292683,0.9767277722631877,10,0.0,1.0,0.0,0.0,4,4,47ba26be34fe92dc57e4df74f93de7d995e4c99bb06e9a1d4d459b32b9c7b482,dce7a3117a11a094e564488a409eb7366a5f12f359633db832c863de678b7e81,reward-tabularq-default-2027/training.jsonl,reward-tabularq-default-2027/validation_windows.jsonl,reward-tabularq-default-2027/action_map.json,test descriptive only; no test-based selection
reward,Tabular-Q,default,2029,1000,49,246.59004000743695,0.9834187275588009,0.992046511627907,0.013371951219512195,0.9893372802041974,0.970438952674321,0.9670988372093023,0.01364329268292683,0.9767277722631877,10,0.0,1.0,0.0,0.0,4,4,a92c4471794c2f8601943a53b83354c54357624381b5aee193efc848fddf11a0,dce7a3117a11a094e564488a409eb7366a5f12f359633db832c863de678b7e81,reward-tabularq-default-2029/training.jsonl,reward-tabularq-default-2029/validation_windows.jsonl,reward-tabularq-default-2029/action_map.json,test descriptive only; no test-based selection
reward,Tabular-Q,detection_heavy,2003,1000,49,395.66604578844107,0.9834187275588009,0.992046511627907,0.013371951219512195,0.9893372802041974,0.970438952674321,0.9670988372093023,0.01364329268292683,0.9767277722631877,10,0.0,1.0,0.0,0.0,4,4,bdfd20122dddd0d1c09576ca55ce01bd3c3ead967e9d34bbe725ca9760cebd78,d3b5356ea89223d29b531fd177cabbeeaa00cd1b710c80416515fe378e32df39,reward-tabularq-detection_heavy-2003/training.jsonl,reward-tabularq-detection_heavy-2003/validation_windows.jsonl,reward-tabularq-detection_heavy-2003/action_map.json,test descriptive only; no test-based selection
reward,Tabular-Q,detection_heavy,2011,1000,99,395.66604578844107,0.9834187275588009,0.992046511627907,0.013371951219512195,0.9893372802041974,0.970438952674321,0.9670988372093023,0.01364329268292683,0.9767277722631877,10,0.0,1.0,0.0,0.0,4,4,421e439f11cfacd5c4212bb41764bef7c424dde8071cd36d543a700c884e4ea9,d3b5356ea89223d29b531fd177cabbeeaa00cd1b710c80416515fe378e32df39,reward-tabularq-detection_heavy-2011/training.jsonl,reward-tabularq-detection_heavy-2011/validation_windows.jsonl,reward-tabularq-detection_heavy-2011/action_map.json,test descriptive only; no test-based selection
reward,Tabular-Q,detection_heavy,2017,1000,24,395.66604578844107,0.9834187275588009,0.992046511627907,0.013371951219512195,0.9893372802041974,0.970438952674321,0.9670988372093023,0.01364329268292683,0.9767277722631877,10,0.0,1.0,0.0,0.0,4,4,c8e3125e77165dc56c950ce4cbaf6da1bda1f8574c7be7d708489d754df2f7e7,d3b5356ea89223d29b531fd177cabbeeaa00cd1b710c80416515fe378e32df39,reward-tabularq-detection_heavy-2017/training.jsonl,reward-tabularq-detection_heavy-2017/validation_windows.jsonl,reward-tabularq-detection_heavy-2017/action_map.json,test descriptive only; no test-based selection
reward,Tabular-Q,detection_heavy,2027,1000,24,395.66604578844107,0.9834187275588009,0.992046511627907,0.013371951219512195,0.9893372802041974,0.970438952674321,0.9670988372093023,0.01364329268292683,0.9767277722631877,10,0.0,1.0,0.0,0.0,4,4,2f5703e90f820a2c3d3e8ca4ccd66d30bcd43a22eb01dc93b356ddf66e5246fa,d3b5356ea89223d29b531fd177cabbeeaa00cd1b710c80416515fe378e32df39,reward-tabularq-detection_heavy-2027/training.jsonl,reward-tabularq-detection_heavy-2027/validation_windows.jsonl,reward-tabularq-detection_heavy-2027/action_map.json,test descriptive only; no test-based selection
reward,Tabular-Q,detection_heavy,2029,1000,49,395.66604578844107,0.9834187275588009,0.992046511627907,0.013371951219512195,0.9893372802041974,0.970438952674321,0.9670988372093023,0.01364329268292683,0.9767277722631877,10,0.0,1.0,0.0,0.0,4,4,0af516af2fb723db01127fd2229107ddbf9d2605341c2b2101304a87361fdb63,d3b5356ea89223d29b531fd177cabbeeaa00cd1b710c80416515fe378e32df39,reward-tabularq-detection_heavy-2029/training.jsonl,reward-tabularq-detection_heavy-2029/validation_windows.jsonl,reward-tabularq-detection_heavy-2029/action_map.json,test descriptive only; no test-based selection
reward,Tabular-Q,detection_only,2003,1000,49,494.8369378574642,0.9829868762477921,0.9933139534883721,0.01452439024390244,0.9893947816222348,0.9838636083187217,0.9966395348837209,0.01538109756097561,0.9906292186613727,10,0.0,0.0,1.0,0.0,4,4,6b07979f125cf130a69215cb99544b26f55823d501ffd32b768d2f598414bb4c,f76f39fbda94d6c3c4c9add48623cabd52a1a3c74309f37a72542d250fe80448,reward-tabularq-detection_only-2003/training.jsonl,reward-tabularq-detection_only-2003/validation_windows.jsonl,reward-tabularq-detection_only-2003/action_map.json,test descriptive only; no test-based selection
reward,Tabular-Q,detection_only,2011,1000,99,494.8369378574642,0.9829868762477921,0.9933139534883721,0.01452439024390244,0.9893947816222348,0.9838636083187217,0.9966395348837209,0.01538109756097561,0.9906292186613727,10,0.0,0.0,1.0,0.0,4,4,e8537ecf091d6e35778fc55491598dfd7819d43f6290005a985f083bb8a8ca32,f76f39fbda94d6c3c4c9add48623cabd52a1a3c74309f37a72542d250fe80448,reward-tabularq-detection_only-2011/training.jsonl,reward-tabularq-detection_only-2011/validation_windows.jsonl,reward-tabularq-detection_only-2011/action_map.json,test descriptive only; no test-based selection
reward,Tabular-Q,detection_only,2017,1000,99,494.8369378574642,0.9829868762477921,0.9933139534883721,0.01452439024390244,0.9893947816222348,0.9838636083187217,0.9966395348837209,0.01538109756097561,0.9906292186613727,10,0.0,0.0,1.0,0.0,4,4,2b715a984a31cc4de223a38a0dd5b40e5f618ed14261eb4a61abb3defc022075,f76f39fbda94d6c3c4c9add48623cabd52a1a3c74309f37a72542d250fe80448,reward-tabularq-detection_only-2017/training.jsonl,reward-tabularq-detection_only-2017/validation_windows.jsonl,reward-tabularq-detection_only-2017/action_map.json,test descriptive only; no test-based selection
reward,Tabular-Q,detection_only,2027,1000,74,494.8369378574642,0.9829868762477921,0.9933139534883721,0.01452439024390244,0.9893947816222348,0.9838636083187217,0.9966395348837209,0.01538109756097561,0.9906292186613727,10,0.0,0.0,1.0,0.0,4,4,ac6ca32c33b791551cf0cb6f47292edd30bc7f6c8bd512bb64ef7194bb499d6b,f76f39fbda94d6c3c4c9add48623cabd52a1a3c74309f37a72542d250fe80448,reward-tabularq-detection_only-2027/training.jsonl,reward-tabularq-detection_only-2027/validation_windows.jsonl,reward-tabularq-detection_only-2027/action_map.json,test descriptive only; no test-based selection
reward,Tabular-Q,detection_only,2029,1000,74,494.8369378574642,0.9829868762477921,0.9933139534883721,0.01452439024390244,0.9893947816222348,0.9838636083187217,0.9966395348837209,0.01538109756097561,0.9906292186613727,10,0.0,0.0,1.0,0.0,4,4,ee5b0fae85f3097b454978872848e4249d8da10efe0421e75e5e07cace855c2f,f76f39fbda94d6c3c4c9add48623cabd52a1a3c74309f37a72542d250fe80448,reward-tabularq-detection_only-2029/training.jsonl,reward-tabularq-detection_only-2029/validation_windows.jsonl,reward-tabularq-detection_only-2029/action_map.json,test descriptive only; no test-based selection
reward,Tabular-Q,energy_heavy,2003,1000,24,197.52136128962556,0.9834187275588009,0.992046511627907,0.013371951219512195,0.9893372802041974,0.970438952674321,0.9670988372093023,0.01364329268292683,0.9767277722631877,10,0.0,1.0,0.0,0.0,4,4,df4ee335ed6e0e47d665cf195e5d798cc3aae7aafee36cb2fc688dc442ce98a7,1021c3fe1b1c2070e924890cd3717843f4fb610710d9affce18064b2ce746c3c,reward-tabularq-energy_heavy-2003/training.jsonl,reward-tabularq-energy_heavy-2003/validation_windows.jsonl,reward-tabularq-energy_heavy-2003/action_map.json,test descriptive only; no test-based selection
reward,Tabular-Q,energy_heavy,2011,1000,49,197.52136128962556,0.9834187275588009,0.992046511627907,0.013371951219512195,0.9893372802041974,0.970438952674321,0.9670988372093023,0.01364329268292683,0.9767277722631877,10,0.0,1.0,0.0,0.0,4,4,26b88765781951be082545b7d99df3ad68de4658c90084147bd57be622c26744,1021c3fe1b1c2070e924890cd3717843f4fb610710d9affce18064b2ce746c3c,reward-tabularq-energy_heavy-2011/training.jsonl,reward-tabularq-energy_heavy-2011/validation_windows.jsonl,reward-tabularq-energy_heavy-2011/action_map.json,test descriptive only; no test-based selection
reward,Tabular-Q,energy_heavy,2017,1000,24,197.52136128962556,0.9834187275588009,0.992046511627907,0.013371951219512195,0.9893372802041974,0.970438952674321,0.9670988372093023,0.01364329268292683,0.9767277722631877,10,0.0,1.0,0.0,0.0,4,4,1ce12d6d306b4c898f03e5812f9a7a4e0d7b0a66e74f4a01bb4df5d35d775a31,1021c3fe1b1c2070e924890cd3717843f4fb610710d9affce18064b2ce746c3c,reward-tabularq-energy_heavy-2017/training.jsonl,reward-tabularq-energy_heavy-2017/validation_windows.jsonl,reward-tabularq-energy_heavy-2017/action_map.json,test descriptive only; no test-based selection
reward,Tabular-Q,energy_heavy,2027,1000,24,197.52136128962556,0.9834187275588009,0.992046511627907,0.013371951219512195,0.9893372802041974,0.970438952674321,0.9670988372093023,0.01364329268292683,0.9767277722631877,10,0.0,1.0,0.0,0.0,4,4,93b56596d65ccf6b900e0c6526eda9240a040e474fda5cf16615feb8e145019e,1021c3fe1b1c2070e924890cd3717843f4fb610710d9affce18064b2ce746c3c,reward-tabularq-energy_heavy-2027/training.jsonl,reward-tabularq-energy_heavy-2027/validation_windows.jsonl,reward-tabularq-energy_heavy-2027/action_map.json,test descriptive only; no test-based selection
reward,Tabular-Q,energy_heavy,2029,1000,24,197.52136128962556,0.9834187275588009,0.992046511627907,0.013371951219512195,0.9893372802041974,0.970438952674321,0.9670988372093023,0.01364329268292683,0.9767277722631877,10,0.0,1.0,0.0,0.0,4,4,9cbd6e8f6fa17d6b7638040c6ce89f7312142274b633b60e08521691b395ada9,1021c3fe1b1c2070e924890cd3717843f4fb610710d9affce18064b2ce746c3c,reward-tabularq-energy_heavy-2029/training.jsonl,reward-tabularq-energy_heavy-2029/validation_windows.jsonl,reward-tabularq-energy_heavy-2029/action_map.json,test descriptive only; no test-based selection
reward,Tabular-Q,equal,2003,1000,24,122.67169679452849,0.9834187275588009,0.992046511627907,0.013371951219512195,0.9893372802041974,0.970438952674321,0.9670988372093023,0.01364329268292683,0.9767277722631877,10,0.0,1.0,0.0,0.0,4,4,9394a8d5a7996b4374501907411ee520e4cfb1fb00e3e7cb366d95f074c96e73,d7e8e06128dc43769620a1f595289b1651c9edd8bc722e483547ca03dbe35614,reward-tabularq-equal-2003/training.jsonl,reward-tabularq-equal-2003/validation_windows.jsonl,reward-tabularq-equal-2003/action_map.json,test descriptive only; no test-based selection
reward,Tabular-Q,equal,2011,1000,24,122.67169679452849,0.9834187275588009,0.992046511627907,0.013371951219512195,0.9893372802041974,0.970438952674321,0.9670988372093023,0.01364329268292683,0.9767277722631877,10,0.0,1.0,0.0,0.0,4,4,536e98244103e1d40a66393ec16a2c0c123ec0e9c4259157efeda1e957e4c63e,d7e8e06128dc43769620a1f595289b1651c9edd8bc722e483547ca03dbe35614,reward-tabularq-equal-2011/training.jsonl,reward-tabularq-equal-2011/validation_windows.jsonl,reward-tabularq-equal-2011/action_map.json,test descriptive only; no test-based selection
reward,Tabular-Q,equal,2017,1000,24,122.67169679452849,0.9834187275588009,0.992046511627907,0.013371951219512195,0.9893372802041974,0.970438952674321,0.9670988372093023,0.01364329268292683,0.9767277722631877,10,0.0,1.0,0.0,0.0,4,4,078b44e77395e0980b1e8138c22401b44061a06e661cd02d8d0c20168ae72f21,d7e8e06128dc43769620a1f595289b1651c9edd8bc722e483547ca03dbe35614,reward-tabularq-equal-2017/training.jsonl,reward-tabularq-equal-2017/validation_windows.jsonl,reward-tabularq-equal-2017/action_map.json,test descriptive only; no test-based selection
reward,Tabular-Q,equal,2027,1000,24,122.67169679452849,0.9834187275588009,0.992046511627907,0.013371951219512195,0.9893372802041974,0.970438952674321,0.9670988372093023,0.01364329268292683,0.9767277722631877,10,0.0,1.0,0.0,0.0,4,4,99540a22b3e88f121062fb6d3c26cf46ecf64428dd2a22d3e554d880fc8340d2,d7e8e06128dc43769620a1f595289b1651c9edd8bc722e483547ca03dbe35614,reward-tabularq-equal-2027/training.jsonl,reward-tabularq-equal-2027/validation_windows.jsonl,reward-tabularq-equal-2027/action_map.json,test descriptive only; no test-based selection
reward,Tabular-Q,equal,2029,1000,24,122.67169679452849,0.9834187275588009,0.992046511627907,0.013371951219512195,0.9893372802041974,0.970438952674321,0.9670988372093023,0.01364329268292683,0.9767277722631877,10,0.0,1.0,0.0,0.0,4,4,d4a3b8dffe5c1f636603b5f0781e11a244bb27849f2f9f3c06e6552c7e04b4c2,d7e8e06128dc43769620a1f595289b1651c9edd8bc722e483547ca03dbe35614,reward-tabularq-equal-2029/training.jsonl,reward-tabularq-equal-2029/validation_windows.jsonl,reward-tabularq-equal-2029/action_map.json,test descriptive only; no test-based selection
reward,Tabular-Q,latency_heavy,2003,1000,24,196.27471487124558,0.9834187275588009,0.992046511627907,0.013371951219512195,0.9893372802041974,0.970438952674321,0.9670988372093023,0.01364329268292683,0.9767277722631877,10,0.0,1.0,0.0,0.0,4,4,50df1e6c58c51c29bcbdcf1e99a9965a1f56b36a66e27a469b225d77d5c1f758,dfe77ffd5e3d738bb62415eb9b88e0886377bc1061b40231eda9968e7b2dc946,reward-tabularq-latency_heavy-2003/training.jsonl,reward-tabularq-latency_heavy-2003/validation_windows.jsonl,reward-tabularq-latency_heavy-2003/action_map.json,test descriptive only; no test-based selection
reward,Tabular-Q,latency_heavy,2011,1000,74,196.27471487124558,0.9834187275588009,0.992046511627907,0.013371951219512195,0.9893372802041974,0.970438952674321,0.9670988372093023,0.01364329268292683,0.9767277722631877,10,0.0,1.0,0.0,0.0,4,4,860d15f0fe70127d7e4afb71cb46045c38d8de1143f1eea79f1f8a9393df635a,dfe77ffd5e3d738bb62415eb9b88e0886377bc1061b40231eda9968e7b2dc946,reward-tabularq-latency_heavy-2011/training.jsonl,reward-tabularq-latency_heavy-2011/validation_windows.jsonl,reward-tabularq-latency_heavy-2011/action_map.json,test descriptive only; no test-based selection
reward,Tabular-Q,latency_heavy,2017,1000,24,196.27471487124558,0.9834187275588009,0.992046511627907,0.013371951219512195,0.9893372802041974,0.970438952674321,0.9670988372093023,0.01364329268292683,0.9767277722631877,10,0.0,1.0,0.0,0.0,4,4,7b3886dd6968d10d820c7a2ffebe3cf0663548c5f9121f0da17e628f440d8aaf,dfe77ffd5e3d738bb62415eb9b88e0886377bc1061b40231eda9968e7b2dc946,reward-tabularq-latency_heavy-2017/training.jsonl,reward-tabularq-latency_heavy-2017/validation_windows.jsonl,reward-tabularq-latency_heavy-2017/action_map.json,test descriptive only; no test-based selection
reward,Tabular-Q,latency_heavy,2027,1000,24,196.27471487124558,0.9834187275588009,0.992046511627907,0.013371951219512195,0.9893372802041974,0.970438952674321,0.9670988372093023,0.01364329268292683,0.9767277722631877,10,0.0,1.0,0.0,0.0,4,4,a36badd2510f70820b892d9a56e4575c9832aba6116da90dc94c89ccb3e053d6,dfe77ffd5e3d738bb62415eb9b88e0886377bc1061b40231eda9968e7b2dc946,reward-tabularq-latency_heavy-2027/training.jsonl,reward-tabularq-latency_heavy-2027/validation_windows.jsonl,reward-tabularq-latency_heavy-2027/action_map.json,test descriptive only; no test-based selection
reward,Tabular-Q,latency_heavy,2029,1000,49,196.27471487124558,0.9834187275588009,0.992046511627907,0.013371951219512195,0.9893372802041974,0.970438952674321,0.9670988372093023,0.01364329268292683,0.9767277722631877,10,0.0,1.0,0.0,0.0,4,4,c610e09f9eac8be6a55b66fdb5ca15ac9a149fc25c79c11d4f9298cc69318155,dfe77ffd5e3d738bb62415eb9b88e0886377bc1061b40231eda9968e7b2dc946,reward-tabularq-latency_heavy-2029/training.jsonl,reward-tabularq-latency_heavy-2029/validation_windows.jsonl,reward-tabularq-latency_heavy-2029/action_map.json,test descriptive only; no test-based selection
reward,Tabular-Q,thermal_heavy,2003,1000,24,197.52136128962556,0.9834187275588009,0.992046511627907,0.013371951219512195,0.9893372802041974,0.970438952674321,0.9670988372093023,0.01364329268292683,0.9767277722631877,10,0.0,1.0,0.0,0.0,4,4,5e9f573ea7fc0bb4b5b2ab2049ffb2f7a589ee0b469fb66e308f9dd77647f45b,734de1bfba7dadb6441d00c97098c6839d2e391b23d2fc07cadc5ae4731f0954,reward-tabularq-thermal_heavy-2003/training.jsonl,reward-tabularq-thermal_heavy-2003/validation_windows.jsonl,reward-tabularq-thermal_heavy-2003/action_map.json,test descriptive only; no test-based selection
reward,Tabular-Q,thermal_heavy,2011,1000,49,197.52136128962556,0.9834187275588009,0.992046511627907,0.013371951219512195,0.9893372802041974,0.970438952674321,0.9670988372093023,0.01364329268292683,0.9767277722631877,10,0.0,1.0,0.0,0.0,4,4,5d3d58f6ef9fc0d789c12293be44c6c6bd829d48e019b0af0f249bc25b55fffd,734de1bfba7dadb6441d00c97098c6839d2e391b23d2fc07cadc5ae4731f0954,reward-tabularq-thermal_heavy-2011/training.jsonl,reward-tabularq-thermal_heavy-2011/validation_windows.jsonl,reward-tabularq-thermal_heavy-2011/action_map.json,test descriptive only; no test-based selection
reward,Tabular-Q,thermal_heavy,2017,1000,24,197.52136128962556,0.9834187275588009,0.992046511627907,0.013371951219512195,0.9893372802041974,0.970438952674321,0.9670988372093023,0.01364329268292683,0.9767277722631877,10,0.0,1.0,0.0,0.0,4,4,e36f1f83717aaa5a76ee7d595230334f1905a742d814f96ba03c2098c7c6b1f0,734de1bfba7dadb6441d00c97098c6839d2e391b23d2fc07cadc5ae4731f0954,reward-tabularq-thermal_heavy-2017/training.jsonl,reward-tabularq-thermal_heavy-2017/validation_windows.jsonl,reward-tabularq-thermal_heavy-2017/action_map.json,test descriptive only; no test-based selection
reward,Tabular-Q,thermal_heavy,2027,1000,24,197.52136128962556,0.9834187275588009,0.992046511627907,0.013371951219512195,0.9893372802041974,0.970438952674321,0.9670988372093023,0.01364329268292683,0.9767277722631877,10,0.0,1.0,0.0,0.0,4,4,b9ababdaa885739154f9f7501eecb3c6a5f6c317d5232418ee655e57cf0db0f3,734de1bfba7dadb6441d00c97098c6839d2e391b23d2fc07cadc5ae4731f0954,reward-tabularq-thermal_heavy-2027/training.jsonl,reward-tabularq-thermal_heavy-2027/validation_windows.jsonl,reward-tabularq-thermal_heavy-2027/action_map.json,test descriptive only; no test-based selection
reward,Tabular-Q,thermal_heavy,2029,1000,49,197.52136128962556,0.9834187275588009,0.992046511627907,0.013371951219512195,0.9893372802041974,0.970438952674321,0.9670988372093023,0.01364329268292683,0.9767277722631877,10,0.0,1.0,0.0,0.0,4,4,d182ba3e93efb47b797800d5d32a499a8c96b20a41444f1b6a720fe119b44dbc,734de1bfba7dadb6441d00c97098c6839d2e391b23d2fc07cadc5ae4731f0954,reward-tabularq-thermal_heavy-2029/training.jsonl,reward-tabularq-thermal_heavy-2029/validation_windows.jsonl,reward-tabularq-thermal_heavy-2029/action_map.json,test descriptive only; no test-based selection
state,Tabular-Q,full,2003,1000,24,246.59004000743695,0.9834187275588009,0.992046511627907,0.013371951219512195,0.9893372802041974,0.970438952674321,0.9670988372093023,0.01364329268292683,0.9767277722631877,10,0.0,1.0,0.0,0.0,4,4,0c88a64396a11ba268bc1702853af374de608429fd1845f1a450167130d92122,dce7a3117a11a094e564488a409eb7366a5f12f359633db832c863de678b7e81,state-tabularq-full-2003/training.jsonl,state-tabularq-full-2003/validation_windows.jsonl,state-tabularq-full-2003/action_map.json,test descriptive only; no test-based selection
state,Tabular-Q,full,2011,1000,49,246.59004000743695,0.9834187275588009,0.992046511627907,0.013371951219512195,0.9893372802041974,0.970438952674321,0.9670988372093023,0.01364329268292683,0.9767277722631877,10,0.0,1.0,0.0,0.0,4,4,93043e96e79b90832f04f649e75cc45fd157fa035c75738e3ba8697efd880499,dce7a3117a11a094e564488a409eb7366a5f12f359633db832c863de678b7e81,state-tabularq-full-2011/training.jsonl,state-tabularq-full-2011/validation_windows.jsonl,state-tabularq-full-2011/action_map.json,test descriptive only; no test-based selection
state,Tabular-Q,full,2017,1000,24,246.59004000743695,0.9834187275588009,0.992046511627907,0.013371951219512195,0.9893372802041974,0.970438952674321,0.9670988372093023,0.01364329268292683,0.9767277722631877,10,0.0,1.0,0.0,0.0,4,4,7d9217267fbd20b6205196951eca6fef6619bc1af410ff6fbbc939b26675dd4b,dce7a3117a11a094e564488a409eb7366a5f12f359633db832c863de678b7e81,state-tabularq-full-2017/training.jsonl,state-tabularq-full-2017/validation_windows.jsonl,state-tabularq-full-2017/action_map.json,test descriptive only; no test-based selection
state,Tabular-Q,full,2027,1000,24,246.59004000743695,0.9834187275588009,0.992046511627907,0.013371951219512195,0.9893372802041974,0.970438952674321,0.9670988372093023,0.01364329268292683,0.9767277722631877,10,0.0,1.0,0.0,0.0,4,4,47ba26be34fe92dc57e4df74f93de7d995e4c99bb06e9a1d4d459b32b9c7b482,dce7a3117a11a094e564488a409eb7366a5f12f359633db832c863de678b7e81,state-tabularq-full-2027/training.jsonl,state-tabularq-full-2027/validation_windows.jsonl,state-tabularq-full-2027/action_map.json,test descriptive only; no test-based selection
state,Tabular-Q,full,2029,1000,49,246.59004000743695,0.9834187275588009,0.992046511627907,0.013371951219512195,0.9893372802041974,0.970438952674321,0.9670988372093023,0.01364329268292683,0.9767277722631877,10,0.0,1.0,0.0,0.0,4,4,a92c4471794c2f8601943a53b83354c54357624381b5aee193efc848fddf11a0,dce7a3117a11a094e564488a409eb7366a5f12f359633db832c863de678b7e81,state-tabularq-full-2029/training.jsonl,state-tabularq-full-2029/validation_windows.jsonl,state-tabularq-full-2029/action_map.json,test descriptive only; no test-based selection
state,Tabular-Q,minus_arrival,2003,1000,24,246.59004000743695,0.9834187275588009,0.992046511627907,0.013371951219512195,0.9893372802041974,0.970438952674321,0.9670988372093023,0.01364329268292683,0.9767277722631877,10,0.0,1.0,0.0,0.0,4,4,91576c8d933f176a4713342fcc42ccd3e701c75729d2b727daf67495f5765392,4352b99feb73860a55c6ead393d795591fe0ae28a547771041c01106b7c85410,state-tabularq-minus_arrival-2003/training.jsonl,state-tabularq-minus_arrival-2003/validation_windows.jsonl,state-tabularq-minus_arrival-2003/action_map.json,test descriptive only; no test-based selection
state,Tabular-Q,minus_arrival,2011,1000,49,246.59004000743695,0.9834187275588009,0.992046511627907,0.013371951219512195,0.9893372802041974,0.970438952674321,0.9670988372093023,0.01364329268292683,0.9767277722631877,10,0.0,1.0,0.0,0.0,4,4,84ab22870d851e3cd96a46ac3e5b873434113deb45c7e65e5d184267b0c4e0fb,4352b99feb73860a55c6ead393d795591fe0ae28a547771041c01106b7c85410,state-tabularq-minus_arrival-2011/training.jsonl,state-tabularq-minus_arrival-2011/validation_windows.jsonl,state-tabularq-minus_arrival-2011/action_map.json,test descriptive only; no test-based selection
state,Tabular-Q,minus_arrival,2017,1000,24,246.59004000743695,0.9834187275588009,0.992046511627907,0.013371951219512195,0.9893372802041974,0.970438952674321,0.9670988372093023,0.01364329268292683,0.9767277722631877,10,0.0,1.0,0.0,0.0,4,4,6a2023a0cf015b14f89471a52f37516796d017e6dc59875967b328e65ddada3b,4352b99feb73860a55c6ead393d795591fe0ae28a547771041c01106b7c85410,state-tabularq-minus_arrival-2017/training.jsonl,state-tabularq-minus_arrival-2017/validation_windows.jsonl,state-tabularq-minus_arrival-2017/action_map.json,test descriptive only; no test-based selection
state,Tabular-Q,minus_arrival,2027,1000,24,246.59004000743695,0.9834187275588009,0.992046511627907,0.013371951219512195,0.9893372802041974,0.970438952674321,0.9670988372093023,0.01364329268292683,0.9767277722631877,10,0.0,1.0,0.0,0.0,4,4,e632a0c2affd2b95d4cf1fb22840fe607669a6e74bacb7a240c2cfe33802f0d4,4352b99feb73860a55c6ead393d795591fe0ae28a547771041c01106b7c85410,state-tabularq-minus_arrival-2027/training.jsonl,state-tabularq-minus_arrival-2027/validation_windows.jsonl,state-tabularq-minus_arrival-2027/action_map.json,test descriptive only; no test-based selection
state,Tabular-Q,minus_arrival,2029,1000,49,246.59004000743695,0.9834187275588009,0.992046511627907,0.013371951219512195,0.9893372802041974,0.970438952674321,0.9670988372093023,0.01364329268292683,0.9767277722631877,10,0.0,1.0,0.0,0.0,4,4,24e0dd0162350d1ae08a2896519eccfe5f9b832466f36abde3735d1f0d076d8e,4352b99feb73860a55c6ead393d795591fe0ae28a547771041c01106b7c85410,state-tabularq-minus_arrival-2029/training.jsonl,state-tabularq-minus_arrival-2029/validation_windows.jsonl,state-tabularq-minus_arrival-2029/action_map.json,test descriptive only; no test-based selection
state,Tabular-Q,minus_previous_action,2003,1000,24,246.59004000743695,0.9834187275588009,0.992046511627907,0.013371951219512195,0.9893372802041974,0.970438952674321,0.9670988372093023,0.01364329268292683,0.9767277722631877,10,0.0,1.0,0.0,0.0,3,3,48e056fc2a8ca116e0859f1f3268cf76634e806015c4ce11454a411cbbc790f6,df62d1b4673d1a1053f65f3ac5c04b9bf22979535d3c61316ebe5a37dcd80866,state-tabularq-minus_previous_action-2003/training.jsonl,state-tabularq-minus_previous_action-2003/validation_windows.jsonl,state-tabularq-minus_previous_action-2003/action_map.json,test descriptive only; no test-based selection
state,Tabular-Q,minus_previous_action,2011,1000,24,246.59004000743695,0.9834187275588009,0.992046511627907,0.013371951219512195,0.9893372802041974,0.970438952674321,0.9670988372093023,0.01364329268292683,0.9767277722631877,10,0.0,1.0,0.0,0.0,3,3,0a6d28198e549c329d7c6612f8c5a06d9d99aac6e67a34126b1722a9b6398925,df62d1b4673d1a1053f65f3ac5c04b9bf22979535d3c61316ebe5a37dcd80866,state-tabularq-minus_previous_action-2011/training.jsonl,state-tabularq-minus_previous_action-2011/validation_windows.jsonl,state-tabularq-minus_previous_action-2011/action_map.json,test descriptive only; no test-based selection
state,Tabular-Q,minus_previous_action,2017,1000,24,246.59004000743695,0.9834187275588009,0.992046511627907,0.013371951219512195,0.9893372802041974,0.970438952674321,0.9670988372093023,0.01364329268292683,0.9767277722631877,10,0.0,1.0,0.0,0.0,3,3,92dfc78a37c88ff4bb085b761647f7d2f4e9689047456d3b3a0d01082188820f,df62d1b4673d1a1053f65f3ac5c04b9bf22979535d3c61316ebe5a37dcd80866,state-tabularq-minus_previous_action-2017/training.jsonl,state-tabularq-minus_previous_action-2017/validation_windows.jsonl,state-tabularq-minus_previous_action-2017/action_map.json,test descriptive only; no test-based selection
state,Tabular-Q,minus_previous_action,2027,1000,24,246.59004000743695,0.9834187275588009,0.992046511627907,0.013371951219512195,0.9893372802041974,0.970438952674321,0.9670988372093023,0.01364329268292683,0.9767277722631877,10,0.0,1.0,0.0,0.0,3,3,55b1f3899603a30f747e549a73764eae88207fb4693533d1672069796eebaa3b,df62d1b4673d1a1053f65f3ac5c04b9bf22979535d3c61316ebe5a37dcd80866,state-tabularq-minus_previous_action-2027/training.jsonl,state-tabularq-minus_previous_action-2027/validation_windows.jsonl,state-tabularq-minus_previous_action-2027/action_map.json,test descriptive only; no test-based selection
state,Tabular-Q,minus_previous_action,2029,1000,24,246.59004000743695,0.9834187275588009,0.992046511627907,0.013371951219512195,0.9893372802041974,0.970438952674321,0.9670988372093023,0.01364329268292683,0.9767277722631877,10,0.0,1.0,0.0,0.0,3,3,da4bb718f3f65d4157f64d4a9e6fcea23a1bd615389475b0789717aaf1e01f7e,df62d1b4673d1a1053f65f3ac5c04b9bf22979535d3c61316ebe5a37dcd80866,state-tabularq-minus_previous_action-2029/training.jsonl,state-tabularq-minus_previous_action-2029/validation_windows.jsonl,state-tabularq-minus_previous_action-2029/action_map.json,test descriptive only; no test-based selection
state,Tabular-Q,minus_queue,2003,1000,24,246.59004000743695,0.9834187275588009,0.992046511627907,0.013371951219512195,0.9893372802041974,0.970438952674321,0.9670988372093023,0.01364329268292683,0.9767277722631877,10,0.0,1.0,0.0,0.0,4,4,c60e2efc9e61b20b483dbe140d6ab5d07e14cddb133a306a47cf7b99937f51bb,beb267360ea2070d0295c76df1c670aa918a77652bb3d8082a5ab8f5058db24b,state-tabularq-minus_queue-2003/training.jsonl,state-tabularq-minus_queue-2003/validation_windows.jsonl,state-tabularq-minus_queue-2003/action_map.json,test descriptive only; no test-based selection
state,Tabular-Q,minus_queue,2011,1000,49,246.59004000743695,0.9834187275588009,0.992046511627907,0.013371951219512195,0.9893372802041974,0.970438952674321,0.9670988372093023,0.01364329268292683,0.9767277722631877,10,0.0,1.0,0.0,0.0,4,4,2181cc570f9595f07fec2f1dc6341b90a6ea3daf9290d0742cfc363d277e65f5,beb267360ea2070d0295c76df1c670aa918a77652bb3d8082a5ab8f5058db24b,state-tabularq-minus_queue-2011/training.jsonl,state-tabularq-minus_queue-2011/validation_windows.jsonl,state-tabularq-minus_queue-2011/action_map.json,test descriptive only; no test-based selection
state,Tabular-Q,minus_queue,2017,1000,24,246.59004000743695,0.9834187275588009,0.992046511627907,0.013371951219512195,0.9893372802041974,0.970438952674321,0.9670988372093023,0.01364329268292683,0.9767277722631877,10,0.0,1.0,0.0,0.0,4,4,359bf4ae804b5d2fbfee208b0a4bc2a1b7a90fdac315277c500a829cb8765050,beb267360ea2070d0295c76df1c670aa918a77652bb3d8082a5ab8f5058db24b,state-tabularq-minus_queue-2017/training.jsonl,state-tabularq-minus_queue-2017/validation_windows.jsonl,state-tabularq-minus_queue-2017/action_map.json,test descriptive only; no test-based selection
state,Tabular-Q,minus_queue,2027,1000,24,246.59004000743695,0.9834187275588009,0.992046511627907,0.013371951219512195,0.9893372802041974,0.970438952674321,0.9670988372093023,0.01364329268292683,0.9767277722631877,10,0.0,1.0,0.0,0.0,4,4,c57ed8c2bd49f9a1973a74a76137e603d1b0ea4087557a3cfb74fbf6beab3d9a,beb267360ea2070d0295c76df1c670aa918a77652bb3d8082a5ab8f5058db24b,state-tabularq-minus_queue-2027/training.jsonl,state-tabularq-minus_queue-2027/validation_windows.jsonl,state-tabularq-minus_queue-2027/action_map.json,test descriptive only; no test-based selection
state,Tabular-Q,minus_queue,2029,1000,49,246.59004000743695,0.9834187275588009,0.992046511627907,0.013371951219512195,0.9893372802041974,0.970438952674321,0.9670988372093023,0.01364329268292683,0.9767277722631877,10,0.0,1.0,0.0,0.0,4,4,ed7f70f1b11902725e0994dd8443dbc863527ce66ff6ff778d732d29cf838926,beb267360ea2070d0295c76df1c670aa918a77652bb3d8082a5ab8f5058db24b,state-tabularq-minus_queue-2029/training.jsonl,state-tabularq-minus_queue-2029/validation_windows.jsonl,state-tabularq-minus_queue-2029/action_map.json,test descriptive only; no test-based selection
state,Tabular-Q,minus_temperature,2003,1000,24,246.59004000743695,0.9834187275588009,0.992046511627907,0.013371951219512195,0.9893372802041974,0.970438952674321,0.9670988372093023,0.01364329268292683,0.9767277722631877,10,0.0,1.0,0.0,0.0,4,4,a0bb18d7bd564b7ff94c1ca0c39cbc13a9bce9e28e44b7c4cb0a8f1959b00149,f4b1da000f430bb96c15ad60b211ce2be9bab6643f950299d65d00db0bdf4d96,state-tabularq-minus_temperature-2003/training.jsonl,state-tabularq-minus_temperature-2003/validation_windows.jsonl,state-tabularq-minus_temperature-2003/action_map.json,test descriptive only; no test-based selection
state,Tabular-Q,minus_temperature,2011,1000,49,246.59004000743695,0.9834187275588009,0.992046511627907,0.013371951219512195,0.9893372802041974,0.970438952674321,0.9670988372093023,0.01364329268292683,0.9767277722631877,10,0.0,1.0,0.0,0.0,4,4,1195666c3e699d16200bf2722ff46aaf29c7641f193212e8c15349be98422ed7,f4b1da000f430bb96c15ad60b211ce2be9bab6643f950299d65d00db0bdf4d96,state-tabularq-minus_temperature-2011/training.jsonl,state-tabularq-minus_temperature-2011/validation_windows.jsonl,state-tabularq-minus_temperature-2011/action_map.json,test descriptive only; no test-based selection
state,Tabular-Q,minus_temperature,2017,1000,24,246.59004000743695,0.9834187275588009,0.992046511627907,0.013371951219512195,0.9893372802041974,0.970438952674321,0.9670988372093023,0.01364329268292683,0.9767277722631877,10,0.0,1.0,0.0,0.0,4,4,3f97664754073d436e606bd604db3c8d99bf78f15a4e393abfc19462ea6f87a8,f4b1da000f430bb96c15ad60b211ce2be9bab6643f950299d65d00db0bdf4d96,state-tabularq-minus_temperature-2017/training.jsonl,state-tabularq-minus_temperature-2017/validation_windows.jsonl,state-tabularq-minus_temperature-2017/action_map.json,test descriptive only; no test-based selection
state,Tabular-Q,minus_temperature,2027,1000,24,246.59004000743695,0.9834187275588009,0.992046511627907,0.013371951219512195,0.9893372802041974,0.970438952674321,0.9670988372093023,0.01364329268292683,0.9767277722631877,10,0.0,1.0,0.0,0.0,4,4,205f9a49d6dec44c579ca3bb32cc9bf5d5e56caf16131664f1ae2d0ba71f86d5,f4b1da000f430bb96c15ad60b211ce2be9bab6643f950299d65d00db0bdf4d96,state-tabularq-minus_temperature-2027/training.jsonl,state-tabularq-minus_temperature-2027/validation_windows.jsonl,state-tabularq-minus_temperature-2027/action_map.json,test descriptive only; no test-based selection
state,Tabular-Q,minus_temperature,2029,1000,49,246.59004000743695,0.9834187275588009,0.992046511627907,0.013371951219512195,0.9893372802041974,0.970438952674321,0.9670988372093023,0.01364329268292683,0.9767277722631877,10,0.0,1.0,0.0,0.0,4,4,ff22679172a8f03fafd7c91f7e8e0ee98ca53c3e3de0ecb10fe3380b3516b5df,f4b1da000f430bb96c15ad60b211ce2be9bab6643f950299d65d00db0bdf4d96,state-tabularq-minus_temperature-2029/training.jsonl,state-tabularq-minus_temperature-2029/validation_windows.jsonl,state-tabularq-minus_temperature-2029/action_map.json,test descriptive only; no test-based selection
state,Tabular-Q,minus_threat,2003,1000,24,246.59004000743695,0.9834187275588009,0.992046511627907,0.013371951219512195,0.9893372802041974,0.970438952674321,0.9670988372093023,0.01364329268292683,0.9767277722631877,10,0.0,1.0,0.0,0.0,2,2,31e25f40d4abbcaad80e413294d23c63659c8e94529fcae0a2ed27f5a3d5e968,491f742ad770042c6ee334d74207c9b5fcbba61ecc0640ddf7432089b201b1de,state-tabularq-minus_threat-2003/training.jsonl,state-tabularq-minus_threat-2003/validation_windows.jsonl,state-tabularq-minus_threat-2003/action_map.json,test descriptive only; no test-based selection
state,Tabular-Q,minus_threat,2011,1000,24,246.59004000743695,0.9834187275588009,0.992046511627907,0.013371951219512195,0.9893372802041974,0.970438952674321,0.9670988372093023,0.01364329268292683,0.9767277722631877,10,0.0,1.0,0.0,0.0,2,2,24c814e85a439cb0463e639fd0270b458295e566407d2b1c5c1ebf456cfb1f27,491f742ad770042c6ee334d74207c9b5fcbba61ecc0640ddf7432089b201b1de,state-tabularq-minus_threat-2011/training.jsonl,state-tabularq-minus_threat-2011/validation_windows.jsonl,state-tabularq-minus_threat-2011/action_map.json,test descriptive only; no test-based selection
state,Tabular-Q,minus_threat,2017,1000,24,246.59004000743695,0.9834187275588009,0.992046511627907,0.013371951219512195,0.9893372802041974,0.970438952674321,0.9670988372093023,0.01364329268292683,0.9767277722631877,10,0.0,1.0,0.0,0.0,2,2,512cb85cfcc9c3de231b858ff683f61eff571b01ca74ec591fdf3852f254953a,491f742ad770042c6ee334d74207c9b5fcbba61ecc0640ddf7432089b201b1de,state-tabularq-minus_threat-2017/training.jsonl,state-tabularq-minus_threat-2017/validation_windows.jsonl,state-tabularq-minus_threat-2017/action_map.json,test descriptive only; no test-based selection
state,Tabular-Q,minus_threat,2027,1000,24,246.59004000743695,0.9834187275588009,0.992046511627907,0.013371951219512195,0.9893372802041974,0.970438952674321,0.9670988372093023,0.01364329268292683,0.9767277722631877,10,0.0,1.0,0.0,0.0,2,2,f9dc5c7d5c78df5fb313c4987151452560c7142665bd399f1fa680e5608782c4,491f742ad770042c6ee334d74207c9b5fcbba61ecc0640ddf7432089b201b1de,state-tabularq-minus_threat-2027/training.jsonl,state-tabularq-minus_threat-2027/validation_windows.jsonl,state-tabularq-minus_threat-2027/action_map.json,test descriptive only; no test-based selection
state,Tabular-Q,minus_threat,2029,1000,24,246.59004000743695,0.9834187275588009,0.992046511627907,0.013371951219512195,0.9893372802041974,0.970438952674321,0.9670988372093023,0.01364329268292683,0.9767277722631877,10,0.0,1.0,0.0,0.0,2,2,41b705b0baa00e3b6871017f42e948394496be480d589f9205bcf3657487c1a1,491f742ad770042c6ee334d74207c9b5fcbba61ecc0640ddf7432089b201b1de,state-tabularq-minus_threat-2029/training.jsonl,state-tabularq-minus_threat-2029/validation_windows.jsonl,state-tabularq-minus_threat-2029/action_map.json,test descriptive only; no test-based selection
